/*
 Navicat Premium Data Transfer

 Source Server         : 172.16.190.17
 Source Server Type    : MySQL
 Source Server Version : 100432 (10.4.32-MariaDB)
 Source Host           : 172.16.190.17:3306
 Source Schema         : kpi_db

 Target Server Type    : MySQL
 Target Server Version : 100432 (10.4.32-MariaDB)
 File Encoding         : 65001

 Date: 27/11/2025 12:29:55
*/

SET NAMES utf8mb4;
SET FOREIGN_KEY_CHECKS = 0;

-- ----------------------------
-- Table structure for kpi_data
-- ----------------------------
DROP TABLE IF EXISTS `kpi_data`;
CREATE TABLE `kpi_data`  (
  `id` int NOT NULL AUTO_INCREMENT,
  `kpi_name` int NOT NULL,
  `a_value` int NOT NULL,
  `b_value` int NOT NULL,
  `type` varchar(255) CHARACTER SET utf8mb4 COLLATE utf8mb4_general_ci NOT NULL,
  `report_date` date NULL DEFAULT NULL,
  `issue_details` longtext CHARACTER SET utf8mb4 COLLATE utf8mb4_general_ci NULL,
  `support_details` longtext CHARACTER SET utf8mb4 COLLATE utf8mb4_general_ci NULL,
  `created_by` varchar(255) CHARACTER SET utf8mb4 COLLATE utf8mb4_general_ci NOT NULL,
  `created_at` timestamp NOT NULL DEFAULT current_timestamp,
  `updated_by` varchar(255) CHARACTER SET utf8mb4 COLLATE utf8mb4_general_ci NOT NULL,
  `updated_at` timestamp NOT NULL DEFAULT current_timestamp,
  PRIMARY KEY (`id`) USING BTREE
) ENGINE = InnoDB AUTO_INCREMENT = 433 CHARACTER SET = utf8mb4 COLLATE = utf8mb4_general_ci ROW_FORMAT = Dynamic;

-- ----------------------------
-- Records of kpi_data
-- ----------------------------
INSERT INTO `kpi_data` VALUES (4, 1, 71, 111, 'ต่างชาติ', '2025-01-01', '- เพิ่ม 1', '- เพิ่ม 2\n- เพิ่ม 3', 'นางสาวพนิดา พุทธวงษ์', '2025-01-31 20:03:17', 'นายวสันต์ ปราการทอง', '2025-11-19 10:39:31');
INSERT INTO `kpi_data` VALUES (5, 1, 1, 2, 'ไทย', '2025-02-28', NULL, NULL, 'นางสาวพนิดา พุทธวงษ์', '2025-02-01 10:03:17', 'นายวสันต์ ปราการทอง', '2025-10-22 15:04:42');
INSERT INTO `kpi_data` VALUES (6, 1, 9, 25, 'ต่างชาติ', '2025-02-28', NULL, NULL, 'นางสาวพนิดา พุทธวงษ์', '2025-02-01 10:03:17', '', '2025-10-07 10:20:15');
INSERT INTO `kpi_data` VALUES (8, 1, 13, 41, 'ไทย', '2025-03-31', NULL, NULL, 'นางสาวพนิดา พุทธวงษ์', '2025-03-01 10:03:17', 'นายวสันต์ ปราการทอง', '2025-10-21 09:19:22');
INSERT INTO `kpi_data` VALUES (9, 1, 1, 2, 'ต่างชาติ', '2025-03-31', NULL, NULL, 'นางสาวพนิดา พุทธวงษ์', '2025-03-01 10:03:17', 'นายวสันต์ ปราการทอง', '2025-10-14 16:06:36');
INSERT INTO `kpi_data` VALUES (11, 1, 14, 42, 'ไทย', '2025-04-30', NULL, NULL, 'นางสาวพนิดา พุทธวงษ์', '2025-04-01 10:03:17', '', '2025-10-07 10:20:15');
INSERT INTO `kpi_data` VALUES (12, 1, 10, 28, 'ต่างชาติ', '2025-04-30', NULL, NULL, 'นางสาวพนิดา พุทธวงษ์', '2025-04-01 10:03:17', '', '2025-10-07 10:20:15');
INSERT INTO `kpi_data` VALUES (14, 1, 15, 44, 'ไทย', '2025-05-31', NULL, NULL, 'นางสาวพนิดา พุทธวงษ์', '2025-05-01 10:03:17', '', '2025-10-07 10:20:15');
INSERT INTO `kpi_data` VALUES (15, 1, 3, 4, 'ต่างชาติ', '2025-05-31', NULL, NULL, 'นางสาวพนิดา พุทธวงษ์', '2025-05-01 10:03:17', 'นายวสันต์ ปราการทอง', '2025-10-22 13:21:30');
INSERT INTO `kpi_data` VALUES (17, 1, 17, 47, 'ไทย', '2025-06-30', NULL, NULL, 'นางสาวพนิดา พุทธวงษ์', '2025-06-01 10:03:17', '', '2025-10-07 10:20:15');
INSERT INTO `kpi_data` VALUES (18, 1, 11, 32, 'ต่างชาติ', '2025-06-30', NULL, NULL, 'นางสาวพนิดา พุทธวงษ์', '2025-06-01 10:03:17', '', '2025-10-07 10:20:15');
INSERT INTO `kpi_data` VALUES (19, 1, 29, 82, 'ต่างชาติ', '2025-07-31', NULL, NULL, 'นางสาวพนิดา พุทธวงษ์', '2025-07-01 03:03:17', '', '2025-10-07 10:20:15');
INSERT INTO `kpi_data` VALUES (20, 1, 19, 49, 'ไทย', '2025-07-31', NULL, NULL, 'นางสาวพนิดา พุทธวงษ์', '2025-07-01 10:03:17', '', '2025-10-07 10:20:15');
INSERT INTO `kpi_data` VALUES (23, 2, 5, 2, 'ไทย', '2025-01-31', NULL, NULL, 'นางสาวอารีรัตน์ จิตต์นุ่ม', '2025-01-01 10:03:17', 'นายวสันต์ ปราการทอง', '2025-10-22 09:33:52');
INSERT INTO `kpi_data` VALUES (24, 2, 4, 3, 'ต่างชาติ', '2025-01-31', NULL, NULL, 'นางสาวอารีรัตน์ จิตต์นุ่ม', '2025-01-01 10:03:17', 'นายวสันต์ ปราการทอง', '2025-10-22 09:33:02');
INSERT INTO `kpi_data` VALUES (26, 2, 5, 6, 'ไทย', '2025-02-28', NULL, NULL, 'นางสาวอารีรัตน์ จิตต์นุ่ม', '2025-02-01 10:03:17', 'นายวสันต์ ปราการทอง', '2025-10-22 15:04:42');
INSERT INTO `kpi_data` VALUES (27, 2, 7, 22, 'ต่างชาติ', '2025-02-28', NULL, NULL, 'นางสาวอารีรัตน์ จิตต์นุ่ม', '2025-02-01 10:03:17', '', '2025-10-07 10:20:15');
INSERT INTO `kpi_data` VALUES (29, 2, 3, 8, 'ไทย', '2025-03-31', NULL, NULL, 'นางสาวอารีรัตน์ จิตต์นุ่ม', '2025-03-01 10:03:17', 'นายวสันต์ ปราการทอง', '2025-10-09 20:29:45');
INSERT INTO `kpi_data` VALUES (30, 2, 6, 20, 'ต่างชาติ', '2025-03-31', NULL, NULL, 'นางสาวอารีรัตน์ จิตต์นุ่ม', '2025-03-01 10:03:17', '', '2025-10-07 10:20:15');
INSERT INTO `kpi_data` VALUES (32, 2, 10, 33, 'ไทย', '2025-04-30', NULL, NULL, 'นางสาวอารีรัตน์ จิตต์นุ่ม', '2025-04-01 10:03:17', '', '2025-10-07 10:20:15');
INSERT INTO `kpi_data` VALUES (33, 2, 8, 25, 'ต่างชาติ', '2025-04-30', NULL, NULL, 'นางสาวอารีรัตน์ จิตต์นุ่ม', '2025-04-01 10:03:17', '', '2025-10-07 10:20:15');
INSERT INTO `kpi_data` VALUES (35, 2, 13, 42, 'ไทย', '2025-05-31', NULL, NULL, 'นางสาวอารีรัตน์ จิตต์นุ่ม', '2025-05-01 10:03:17', '', '2025-10-07 10:20:15');
INSERT INTO `kpi_data` VALUES (38, 2, 14, 45, 'ไทย', '2025-06-30', NULL, NULL, 'นางสาวอารีรัตน์ จิตต์นุ่ม', '2025-06-01 10:03:17', '', '2025-10-07 10:20:15');
INSERT INTO `kpi_data` VALUES (39, 2, 10, 30, 'ต่างชาติ', '2025-06-30', NULL, NULL, 'นางสาวอารีรัตน์ จิตต์นุ่ม', '2025-06-01 10:03:17', '', '2025-10-07 10:20:15');
INSERT INTO `kpi_data` VALUES (41, 2, 15, 48, 'ไทย', '2025-07-31', NULL, NULL, 'นางสาวอารีรัตน์ จิตต์นุ่ม', '2025-07-01 10:03:17', '', '2025-10-07 10:20:15');
INSERT INTO `kpi_data` VALUES (42, 2, 11, 32, 'ต่างชาติ', '2025-07-31', NULL, NULL, 'นางสาวอารีรัตน์ จิตต์นุ่ม', '2025-07-01 10:03:17', '', '2025-10-07 10:20:15');
INSERT INTO `kpi_data` VALUES (43, 4, 25, 50, 'ไทย', '2025-04-30', NULL, NULL, 'นางสาวอารีรัตน์ จิตต์นุ่ม', '2025-04-30 17:00:00', '', '2025-10-07 10:20:15');
INSERT INTO `kpi_data` VALUES (44, 2, 2, 11, 'ต่างชาติ', '2025-05-31', NULL, NULL, 'นางสาวพนิดา พุทธวงษ์', '2025-05-31 17:00:00', '', '2025-10-07 10:20:15');
INSERT INTO `kpi_data` VALUES (45, 4, 4, 50, 'ไทย', '2024-12-31', NULL, NULL, 'นางสาวอารีรัตน์ จิตต์นุ่ม', '2024-12-31 17:00:00', '', '2025-10-07 10:20:15');
INSERT INTO `kpi_data` VALUES (48, 5, 1, 5000, 'ไทย', '2025-01-01', NULL, NULL, '', '2024-12-31 17:00:00', 'นายวสันต์ ปราการทอง', '2025-11-19 13:51:37');
INSERT INTO `kpi_data` VALUES (49, 6, 4, 1000, 'ไทย', '2025-01-31', NULL, NULL, '', '2025-01-31 17:00:00', 'นายวสันต์ ปราการทอง', '2025-11-19 15:12:31');
INSERT INTO `kpi_data` VALUES (50, 6, 2, 1200, 'ไทย', '2025-02-01', NULL, NULL, '', '2025-02-28 17:00:00', 'นายวสันต์ ปราการทอง', '2025-11-19 15:12:39');
INSERT INTO `kpi_data` VALUES (55, 4, 25, 101, 'ไทย', '2025-11-01', NULL, NULL, 'นายวสันต์ ปราการทอง', '2025-10-07 11:26:24', 'นายวสันต์ ปราการทอง', '2025-10-07 11:50:08');
INSERT INTO `kpi_data` VALUES (56, 28, 45, 45, 'ไทย', '2025-09-27', NULL, NULL, 'นายวสันต์ ปราการทอง', '2025-10-07 11:32:46', 'นายวสันต์ ปราการทอง', '2025-10-22 09:52:44');
INSERT INTO `kpi_data` VALUES (58, 28, 45, 88, 'ต่างชาติ', '2025-09-30', NULL, NULL, 'นายวสันต์ ปราการทอง', '2025-10-07 19:46:41', 'นายวสันต์ ปราการทอง', '2025-10-07 20:06:44');
INSERT INTO `kpi_data` VALUES (59, 28, 45, 88, 'ไทย', '2025-11-01', NULL, NULL, 'นายวสันต์ ปราการทอง', '2025-10-07 19:48:27', 'นายวสันต์ ปราการทอง', '2025-10-07 19:49:02');
INSERT INTO `kpi_data` VALUES (60, 28, 55, 100, 'ต่างชาติ', '2025-04-29', NULL, NULL, 'นายวสันต์ ปราการทอง', '2025-10-07 20:09:08', 'นายวสันต์ ปราการทอง', '2025-10-07 20:15:28');
INSERT INTO `kpi_data` VALUES (64, 28, 1, 12, 'ต่างชาติ', '2025-03-31', NULL, NULL, 'นายวสันต์ ปราการทอง', '2025-10-08 14:15:38', 'นายวสันต์ ปราการทอง', '2025-10-09 16:03:03');
INSERT INTO `kpi_data` VALUES (65, 28, 5, 9, 'ไทย', '2025-10-31', NULL, NULL, 'นายวสันต์ ปราการทอง', '2025-10-08 14:15:38', '', '2025-10-08 14:15:38');
INSERT INTO `kpi_data` VALUES (70, 28, 1, 2, 'ไทย', '2025-03-01', NULL, NULL, 'นายวสันต์ ปราการทอง', '2025-10-08 14:18:34', '', '2025-10-08 14:18:34');
INSERT INTO `kpi_data` VALUES (76, 28, 1, 2, 'ต่างชาติ', '2025-11-01', NULL, NULL, 'นายวสันต์ ปราการทอง', '2025-10-09 15:32:18', '', '2025-10-09 15:32:18');
INSERT INTO `kpi_data` VALUES (77, 28, 200, 300, 'ไทย', '2025-01-01', NULL, NULL, 'นายวสันต์ ปราการทอง', '2025-10-09 15:38:04', 'นายวสันต์ ปราการทอง', '2025-10-14 15:00:06');
INSERT INTO `kpi_data` VALUES (81, 28, 1, 2, 'ต่างชาติ', '2025-02-01', NULL, NULL, 'นายวสันต์ ปราการทอง', '2025-10-09 16:03:03', 'นายวสันต์ ปราการทอง', '2025-10-22 15:04:42');
INSERT INTO `kpi_data` VALUES (82, 28, 9, 50, 'ต่างชาติ', '2025-10-01', NULL, NULL, 'นายวสันต์ ปราการทอง', '2025-10-09 16:05:06', '', '2025-10-09 16:05:06');
INSERT INTO `kpi_data` VALUES (83, 28, 64, 100, 'ไทย', '2025-05-01', NULL, NULL, 'นายวสันต์ ปราการทอง', '2025-10-09 16:07:41', 'นายวสันต์ ปราการทอง', '2025-10-09 16:07:41');
INSERT INTO `kpi_data` VALUES (84, 28, 1, 5, 'ต่างชาติ', '2025-05-01', NULL, NULL, 'นายวสันต์ ปราการทอง', '2025-10-09 16:22:52', 'นายวสันต์ ปราการทอง', '2025-10-09 16:22:52');
INSERT INTO `kpi_data` VALUES (85, 28, 1, 7, 'ต่างชาติ', '2025-06-01', NULL, NULL, 'นายวสันต์ ปราการทอง', '2025-10-09 16:24:12', '', '2025-10-09 16:24:12');
INSERT INTO `kpi_data` VALUES (86, 28, 5, 8, 'ไทย', '2025-06-01', NULL, NULL, 'นายวสันต์ ปราการทอง', '2025-10-09 16:26:35', '', '2025-10-09 16:26:35');
INSERT INTO `kpi_data` VALUES (87, 28, 5, 8, 'ไทย', '2025-07-01', NULL, NULL, 'นายวสันต์ ปราการทอง', '2025-10-09 18:40:19', 'นายวสันต์ ปราการทอง', '2025-10-09 18:40:19');
INSERT INTO `kpi_data` VALUES (88, 3, 2, 7, 'ต่างชาติ', '2025-02-01', NULL, NULL, 'นายวสันต์ ปราการทอง', '2025-10-09 20:29:45', 'นายวสันต์ ปราการทอง', '2025-10-09 20:29:45');
INSERT INTO `kpi_data` VALUES (90, 5, 1, 10000, 'ไทย', '2025-03-01', NULL, NULL, 'นายวสันต์ ปราการทอง', '2025-10-09 20:29:45', 'นายวสันต์ ปราการทอง', '2025-11-19 13:49:34');
INSERT INTO `kpi_data` VALUES (95, 3, 85, 95, 'ต่างชาติ', '2025-01-01', NULL, NULL, 'นายวสันต์ ปราการทอง', '2025-10-10 13:54:02', 'นายวสันต์ ปราการทอง', '2025-10-10 13:54:02');
INSERT INTO `kpi_data` VALUES (103, 28, 1, 2, 'ต่างชาติ', '2025-07-01', NULL, NULL, 'นายวสันต์ ปราการทอง', '2025-10-14 13:34:34', 'นายวสันต์ ปราการทอง', '2025-10-14 13:34:36');
INSERT INTO `kpi_data` VALUES (106, 28, 1, 2, 'ไทย', '2025-08-01', NULL, NULL, 'นายวสันต์ ปราการทอง', '2025-10-14 13:51:34', 'นายวสันต์ ปราการทอง', '2025-10-14 13:51:37');
INSERT INTO `kpi_data` VALUES (109, 28, 9, 10, 'ต่างชาติ', '2025-08-01', NULL, NULL, 'นายวสันต์ ปราการทอง', '2025-10-14 14:19:01', 'นายวสันต์ ปราการทอง', '2025-10-14 14:19:03');
INSERT INTO `kpi_data` VALUES (112, 28, 1, 2, 'ไทย', '2025-12-01', NULL, NULL, 'นายวสันต์ ปราการทอง', '2025-10-14 16:06:36', 'นายวสันต์ ปราการทอง', '2025-10-14 16:06:36');
INSERT INTO `kpi_data` VALUES (113, 28, 2, 3, 'ต่างชาติ', '2025-12-01', NULL, NULL, 'นายวสันต์ ปราการทอง', '2025-10-14 16:06:36', 'นายวสันต์ ปราการทอง', '2025-10-14 16:06:36');
INSERT INTO `kpi_data` VALUES (114, 3, 11, 33, 'ไทย', '2025-03-01', NULL, NULL, 'นายวสันต์ ปราการทอง', '2025-10-14 16:16:52', 'นายวสันต์ ปราการทอง', '2025-11-07 10:36:22');
INSERT INTO `kpi_data` VALUES (115, 3, 22, 33, 'ต่างชาติ', '2025-03-01', NULL, NULL, 'นายวสันต์ ปราการทอง', '2025-10-14 16:16:52', 'นายวสันต์ ปราการทอง', '2025-10-14 16:16:54');
INSERT INTO `kpi_data` VALUES (116, 3, 1, 3, 'ไทย', '2025-01-01', NULL, NULL, 'นายวสันต์ ปราการทอง', '2025-10-14 16:23:28', 'นายวสันต์ ปราการทอง', '2025-11-07 10:35:24');
INSERT INTO `kpi_data` VALUES (121, 3, 1, 2, 'ไทย', '2025-02-01', NULL, NULL, 'นายวสันต์ ปราการทอง', '2025-10-20 10:21:15', 'นายวสันต์ ปราการทอง', '2025-10-20 10:21:18');
INSERT INTO `kpi_data` VALUES (122, 6, 5, 1250, 'ไทย', '2025-03-01', NULL, NULL, 'นายวสันต์ ปราการทอง', '2025-10-21 11:52:22', 'นายวสันต์ ปราการทอง', '2025-11-19 15:12:51');
INSERT INTO `kpi_data` VALUES (125, 28, 12, 11, 'ไทย', '2025-02-01', NULL, NULL, 'นายวสันต์ ปราการทอง', '2025-10-22 09:37:09', 'นายวสันต์ ปราการทอง', '2025-10-22 10:44:09');
INSERT INTO `kpi_data` VALUES (149, 2, 45, 42, 'ไทย', '2025-08-01', NULL, NULL, 'นายวสันต์ ปราการทอง', '2025-10-22 10:35:21', 'นายวสันต์ ปราการทอง', '2025-10-22 10:35:21');
INSERT INTO `kpi_data` VALUES (150, 4, 36, 27, 'ไทย', '2025-02-01', NULL, NULL, 'นายวสันต์ ปราการทอง', '2025-10-22 10:35:21', 'นายวสันต์ ปราการทอง', '2025-10-22 10:35:21');
INSERT INTO `kpi_data` VALUES (151, 5, 0, 4500, 'ไทย', '2025-02-01', NULL, NULL, 'นายวสันต์ ปราการทอง', '2025-10-22 10:43:13', 'นายวสันต์ ปราการทอง', '2025-11-19 13:49:18');
INSERT INTO `kpi_data` VALUES (153, 4, 6, 7, 'ไทย', '2026-04-01', NULL, NULL, 'นายวสันต์ ปราการทอง', '2025-10-22 10:43:13', 'นายวสันต์ ปราการทอง', '2025-10-28 14:42:24');
INSERT INTO `kpi_data` VALUES (155, 4, 4, 5, 'ไทย', '2025-06-01', NULL, NULL, 'นายวสันต์ ปราการทอง', '2025-10-22 10:43:13', 'นายวสันต์ ปราการทอง', '2025-10-28 14:42:14');
INSERT INTO `kpi_data` VALUES (157, 4, 2, 3, 'ไทย', '2025-08-01', NULL, NULL, 'นายวสันต์ ปราการทอง', '2025-10-22 10:43:13', 'นายวสันต์ ปราการทอง', '2025-10-28 14:42:20');
INSERT INTO `kpi_data` VALUES (158, 28, 1, 2, '', '2025-09-01', NULL, NULL, 'นายวสันต์ ปราการทอง', '2025-10-22 10:43:13', 'นายวสันต์ ปราการทอง', '2025-10-22 10:43:13');
INSERT INTO `kpi_data` VALUES (159, 4, 1, 1, 'ต่างชาติ', '2025-07-01', NULL, NULL, 'นายวสันต์ ปราการทอง', '2025-10-22 10:43:13', 'นายวสันต์ ปราการทอง', '2025-10-28 14:42:17');
INSERT INTO `kpi_data` VALUES (160, 4, 52, 78, 'ต่างชาติ', '2025-02-01', NULL, NULL, 'นายวสันต์ ปราการทอง', '2025-10-22 12:54:44', 'นายวสันต์ ปราการทอง', '2025-10-22 12:54:44');
INSERT INTO `kpi_data` VALUES (162, 1, 6, 16, 'ไทย', '2025-01-01', 'ดหดหกด', 'หกดหกดหกดหกด\nดหกดกหดหกดกด', 'นายวสันต์ ปราการทอง', '2025-10-22 12:59:45', 'นายวสันต์ ปราการทอง', '2025-11-19 10:40:36');
INSERT INTO `kpi_data` VALUES (168, 45, 31, 78, 'ไทย', '2025-01-01', NULL, NULL, 'นายวสันต์ ปราการทอง', '2025-10-24 13:47:55', '', '2025-10-24 13:47:55');
INSERT INTO `kpi_data` VALUES (169, 45, 15, 62, 'ต่างชาติ', '2025-01-01', NULL, NULL, 'นายวสันต์ ปราการทอง', '2025-10-24 13:47:55', '', '2025-10-24 13:47:55');
INSERT INTO `kpi_data` VALUES (170, 45, 24, 89, 'ไทย', '2025-02-01', NULL, NULL, 'นายวสันต์ ปราการทอง', '2025-10-24 13:47:55', '', '2025-10-24 13:47:55');
INSERT INTO `kpi_data` VALUES (171, 45, 5, 75, 'ต่างชาติ', '2025-02-01', NULL, NULL, 'นายวสันต์ ปราการทอง', '2025-10-24 13:47:55', '', '2025-10-24 13:47:55');
INSERT INTO `kpi_data` VALUES (172, 45, 11, 45, 'ไทย', '2025-03-01', NULL, NULL, 'นายวสันต์ ปราการทอง', '2025-10-24 13:47:55', '', '2025-10-24 13:47:55');
INSERT INTO `kpi_data` VALUES (173, 45, 1, 55, 'ต่างชาติ', '2025-03-01', NULL, NULL, 'นายวสันต์ ปราการทอง', '2025-10-24 13:47:55', '', '2025-10-24 13:47:55');
INSERT INTO `kpi_data` VALUES (174, 45, 67, 90, 'ไทย', '2025-04-01', NULL, NULL, 'นายวสันต์ ปราการทอง', '2025-10-24 13:47:55', '', '2025-10-24 13:47:55');
INSERT INTO `kpi_data` VALUES (175, 45, 20, 98, 'ต่างชาติ', '2025-04-01', NULL, NULL, 'นายวสันต์ ปราการทอง', '2025-10-24 13:47:55', '', '2025-10-24 13:47:55');
INSERT INTO `kpi_data` VALUES (176, 45, 52, 60, 'ไทย', '2025-05-01', NULL, NULL, 'นายวสันต์ ปราการทอง', '2025-10-24 13:47:55', '', '2025-10-24 13:47:55');
INSERT INTO `kpi_data` VALUES (177, 45, 8, 85, 'ต่างชาติ', '2025-05-01', NULL, NULL, 'นายวสันต์ ปราการทอง', '2025-10-24 13:47:55', '', '2025-10-24 13:47:55');
INSERT INTO `kpi_data` VALUES (178, 45, 17, 87, 'ไทย', '2025-06-01', NULL, NULL, 'นายวสันต์ ปราการทอง', '2025-10-24 13:47:55', '', '2025-10-24 13:47:55');
INSERT INTO `kpi_data` VALUES (179, 45, 33, 41, 'ต่างชาติ', '2025-06-01', NULL, NULL, 'นายวสันต์ ปราการทอง', '2025-10-24 13:47:55', '', '2025-10-24 13:47:55');
INSERT INTO `kpi_data` VALUES (180, 45, 2, 99, 'ไทย', '2025-07-01', NULL, NULL, 'นายวสันต์ ปราการทอง', '2025-10-24 13:47:55', '', '2025-10-24 13:47:55');
INSERT INTO `kpi_data` VALUES (181, 45, 10, 70, 'ต่างชาติ', '2025-07-01', NULL, NULL, 'นายวสันต์ ปราการทอง', '2025-10-24 13:47:55', '', '2025-10-24 13:47:55');
INSERT INTO `kpi_data` VALUES (182, 45, 50, 71, 'ไทย', '2025-08-01', NULL, NULL, 'นายวสันต์ ปราการทอง', '2025-10-24 13:47:55', '', '2025-10-24 13:47:55');
INSERT INTO `kpi_data` VALUES (183, 45, 4, 65, 'ต่างชาติ', '2025-08-01', NULL, NULL, 'นายวสันต์ ปราการทอง', '2025-10-24 13:47:55', '', '2025-10-24 13:47:55');
INSERT INTO `kpi_data` VALUES (184, 45, 38, 91, 'ไทย', '2025-09-01', NULL, NULL, 'นายวสันต์ ปราการทอง', '2025-10-24 13:47:55', '', '2025-10-24 13:47:55');
INSERT INTO `kpi_data` VALUES (185, 45, 25, 30, 'ต่างชาติ', '2025-09-01', NULL, NULL, 'นายวสันต์ ปราการทอง', '2025-10-24 13:47:55', '', '2025-10-24 13:47:55');
INSERT INTO `kpi_data` VALUES (186, 45, 43, 77, 'ไทย', '2025-10-01', NULL, NULL, 'นายวสันต์ ปราการทอง', '2025-10-24 13:47:55', '', '2025-10-24 13:47:55');
INSERT INTO `kpi_data` VALUES (187, 45, 7, 49, 'ต่างชาติ', '2025-10-01', NULL, NULL, 'นายวสันต์ ปราการทอง', '2025-10-24 13:47:55', '', '2025-10-24 13:47:55');
INSERT INTO `kpi_data` VALUES (188, 45, 68, 79, 'ไทย', '2025-11-01', NULL, NULL, 'นายวสันต์ ปราการทอง', '2025-10-24 13:47:55', '', '2025-10-24 13:47:55');
INSERT INTO `kpi_data` VALUES (189, 45, 13, 54, 'ต่างชาติ', '2025-11-01', NULL, NULL, 'นายวสันต์ ปราการทอง', '2025-10-24 13:47:55', '', '2025-10-24 13:47:55');
INSERT INTO `kpi_data` VALUES (190, 45, 21, 81, 'ไทย', '2025-12-01', NULL, NULL, 'นายวสันต์ ปราการทอง', '2025-10-24 13:47:55', '', '2025-10-24 13:47:55');
INSERT INTO `kpi_data` VALUES (191, 45, 3, 66, 'ต่างชาติ', '2025-12-01', NULL, NULL, 'นายวสันต์ ปราการทอง', '2025-10-24 13:47:55', '', '2025-10-24 13:47:55');
INSERT INTO `kpi_data` VALUES (192, 45, 9, 80, 'ไทย', '2026-01-01', NULL, NULL, 'นายวสันต์ ปราการทอง', '2025-10-24 13:47:55', '', '2025-10-24 13:47:55');
INSERT INTO `kpi_data` VALUES (193, 45, 56, 95, 'ต่างชาติ', '2026-01-01', NULL, NULL, 'นายวสันต์ ปราการทอง', '2025-10-24 13:47:55', '', '2025-10-24 13:47:55');
INSERT INTO `kpi_data` VALUES (194, 45, 22, 35, 'ไทย', '2026-02-01', NULL, NULL, 'นายวสันต์ ปราการทอง', '2025-10-24 13:47:55', '', '2025-10-24 13:47:55');
INSERT INTO `kpi_data` VALUES (195, 45, 18, 48, 'ต่างชาติ', '2026-02-01', NULL, NULL, 'นายวสันต์ ปราการทอง', '2025-10-24 13:47:55', '', '2025-10-24 13:47:55');
INSERT INTO `kpi_data` VALUES (196, 45, 40, 51, 'ไทย', '2026-03-01', NULL, NULL, 'นายวสันต์ ปราการทอง', '2025-10-24 13:47:55', '', '2025-10-24 13:47:55');
INSERT INTO `kpi_data` VALUES (197, 45, 6, 92, 'ต่างชาติ', '2026-03-01', NULL, NULL, 'นายวสันต์ ปราการทอง', '2025-10-24 13:47:55', '', '2025-10-24 13:47:55');
INSERT INTO `kpi_data` VALUES (198, 45, 70, 97, 'ไทย', '2026-04-01', NULL, NULL, 'นายวสันต์ ปราการทอง', '2025-10-24 13:47:55', '', '2025-10-24 13:47:55');
INSERT INTO `kpi_data` VALUES (199, 45, 16, 74, 'ต่างชาติ', '2026-04-01', NULL, NULL, 'นายวสันต์ ปราการทอง', '2025-10-24 13:47:55', '', '2025-10-24 13:47:55');
INSERT INTO `kpi_data` VALUES (200, 45, 55, 63, 'ไทย', '2026-05-01', NULL, NULL, 'นายวสันต์ ปราการทอง', '2025-10-24 13:47:55', '', '2025-10-24 13:47:55');
INSERT INTO `kpi_data` VALUES (201, 45, 14, 69, 'ต่างชาติ', '2026-05-01', NULL, NULL, 'นายวสันต์ ปราการทอง', '2025-10-24 13:47:55', '', '2025-10-24 13:47:55');
INSERT INTO `kpi_data` VALUES (202, 45, 42, 88, 'ไทย', '2026-06-01', NULL, NULL, 'นายวสันต์ ปราการทอง', '2025-10-24 13:47:55', '', '2025-10-24 13:47:55');
INSERT INTO `kpi_data` VALUES (203, 45, 26, 57, 'ต่างชาติ', '2026-06-01', NULL, NULL, 'นายวสันต์ ปราการทอง', '2025-10-24 13:47:55', '', '2025-10-24 13:47:55');
INSERT INTO `kpi_data` VALUES (204, 45, 12, 96, 'ไทย', '2026-07-01', NULL, NULL, 'นายวสันต์ ปราการทอง', '2025-10-24 13:47:55', '', '2025-10-24 13:47:55');
INSERT INTO `kpi_data` VALUES (205, 45, 37, 46, 'ต่างชาติ', '2026-07-01', NULL, NULL, 'นายวสันต์ ปราการทอง', '2025-10-24 13:47:55', '', '2025-10-24 13:47:55');
INSERT INTO `kpi_data` VALUES (206, 45, 44, 72, 'ไทย', '2026-08-01', NULL, NULL, 'นายวสันต์ ปราการทอง', '2025-10-24 13:47:55', '', '2025-10-24 13:47:55');
INSERT INTO `kpi_data` VALUES (207, 45, 19, 47, 'ต่างชาติ', '2026-08-01', NULL, NULL, 'นายวสันต์ ปราการทอง', '2025-10-24 13:47:55', '', '2025-10-24 13:47:55');
INSERT INTO `kpi_data` VALUES (208, 45, 28, 53, 'ไทย', '2026-09-01', NULL, NULL, 'นายวสันต์ ปราการทอง', '2025-10-24 13:47:55', '', '2025-10-24 13:47:55');
INSERT INTO `kpi_data` VALUES (209, 45, 27, 61, 'ต่างชาติ', '2026-09-01', NULL, NULL, 'นายวสันต์ ปราการทอง', '2025-10-24 13:47:55', '', '2025-10-24 13:47:55');
INSERT INTO `kpi_data` VALUES (210, 45, 65, 82, 'ไทย', '2026-10-01', NULL, NULL, 'นายวสันต์ ปราการทอง', '2025-10-24 13:47:55', '', '2025-10-24 13:47:55');
INSERT INTO `kpi_data` VALUES (211, 45, 36, 76, 'ต่างชาติ', '2026-10-01', NULL, NULL, 'นายวสันต์ ปราการทอง', '2025-10-24 13:47:55', '', '2025-10-24 13:47:55');
INSERT INTO `kpi_data` VALUES (212, 45, 29, 43, 'ไทย', '2026-11-01', NULL, NULL, 'นายวสันต์ ปราการทอง', '2025-10-24 13:47:55', '', '2025-10-24 13:47:55');
INSERT INTO `kpi_data` VALUES (213, 45, 32, 83, 'ต่างชาติ', '2026-11-01', NULL, NULL, 'นายวสันต์ ปราการทอง', '2025-10-24 13:47:55', '', '2025-10-24 13:47:55');
INSERT INTO `kpi_data` VALUES (214, 45, 41, 93, 'ไทย', '2026-12-01', NULL, NULL, 'นายวสันต์ ปราการทอง', '2025-10-24 13:47:55', '', '2025-10-24 13:47:55');
INSERT INTO `kpi_data` VALUES (215, 45, 23, 64, 'ต่างชาติ', '2026-12-01', NULL, NULL, 'นายวสันต์ ปราการทอง', '2025-10-24 13:47:55', '', '2025-10-24 13:47:55');
INSERT INTO `kpi_data` VALUES (216, 45, 34, 94, 'ไทย', '2027-01-01', NULL, NULL, 'นายวสันต์ ปราการทอง', '2025-10-24 13:47:55', '', '2025-10-24 13:47:55');
INSERT INTO `kpi_data` VALUES (217, 45, 39, 73, 'ต่างชาติ', '2027-01-01', NULL, NULL, 'นายวสันต์ ปราการทอง', '2025-10-24 13:47:55', '', '2025-10-24 13:47:55');
INSERT INTO `kpi_data` VALUES (218, 45, 50, 85, 'ไทย', '2027-02-01', NULL, NULL, 'นายวสันต์ ปราการทอง', '2025-10-24 13:53:34', '', '2025-10-24 13:53:34');
INSERT INTO `kpi_data` VALUES (219, 45, 11, 52, 'ต่างชาติ', '2027-02-01', NULL, NULL, 'นายวสันต์ ปราการทอง', '2025-10-24 13:53:34', '', '2025-10-24 13:53:34');
INSERT INTO `kpi_data` VALUES (220, 45, 4, 77, 'ไทย', '2027-03-01', NULL, NULL, 'นายวสันต์ ปราการทอง', '2025-10-24 13:53:34', '', '2025-10-24 13:53:34');
INSERT INTO `kpi_data` VALUES (221, 45, 29, 41, 'ต่างชาติ', '2027-03-01', NULL, NULL, 'นายวสันต์ ปราการทอง', '2025-10-24 13:53:34', '', '2025-10-24 13:53:34');
INSERT INTO `kpi_data` VALUES (222, 45, 68, 91, 'ไทย', '2027-04-01', NULL, NULL, 'นายวสันต์ ปราการทอง', '2025-10-24 13:53:34', '', '2025-10-24 13:53:34');
INSERT INTO `kpi_data` VALUES (223, 45, 17, 35, 'ต่างชาติ', '2027-04-01', NULL, NULL, 'นายวสันต์ ปราการทอง', '2025-10-24 13:53:34', '', '2025-10-24 13:53:34');
INSERT INTO `kpi_data` VALUES (224, 45, 1, 60, 'ไทย', '2027-05-01', NULL, NULL, 'นายวสันต์ ปราการทอง', '2025-10-24 13:53:34', '', '2025-10-24 13:53:34');
INSERT INTO `kpi_data` VALUES (225, 45, 42, 88, 'ต่างชาติ', '2027-05-01', NULL, NULL, 'นายวสันต์ ปราการทอง', '2025-10-24 13:53:34', '', '2025-10-24 13:53:34');
INSERT INTO `kpi_data` VALUES (226, 45, 55, 63, 'ไทย', '2027-06-01', NULL, NULL, 'นายวสันต์ ปราการทอง', '2025-10-24 13:53:34', '', '2025-10-24 13:53:34');
INSERT INTO `kpi_data` VALUES (227, 45, 22, 70, 'ต่างชาติ', '2027-06-01', NULL, NULL, 'นายวสันต์ ปราการทอง', '2025-10-24 13:53:34', '', '2025-10-24 13:53:34');
INSERT INTO `kpi_data` VALUES (228, 45, 7, 99, 'ไทย', '2027-07-01', NULL, NULL, 'นายวสันต์ ปราการทอง', '2025-10-24 13:53:34', '', '2025-10-24 13:53:34');
INSERT INTO `kpi_data` VALUES (229, 45, 33, 47, 'ต่างชาติ', '2027-07-01', NULL, NULL, 'นายวสันต์ ปราการทอง', '2025-10-24 13:53:34', '', '2025-10-24 13:53:34');
INSERT INTO `kpi_data` VALUES (230, 45, 40, 71, 'ไทย', '2027-08-01', NULL, NULL, 'นายวสันต์ ปราการทอง', '2025-10-24 13:53:34', '', '2025-10-24 13:53:34');
INSERT INTO `kpi_data` VALUES (231, 45, 18, 65, 'ต่างชาติ', '2027-08-01', NULL, NULL, 'นายวสันต์ ปราการทอง', '2025-10-24 13:53:34', '', '2025-10-24 13:53:34');
INSERT INTO `kpi_data` VALUES (232, 45, 2, 90, 'ไทย', '2027-09-01', NULL, NULL, 'นายวสันต์ ปราการทอง', '2025-10-24 13:53:34', '', '2025-10-24 13:53:34');
INSERT INTO `kpi_data` VALUES (233, 45, 31, 44, 'ต่างชาติ', '2027-09-01', NULL, NULL, 'นายวสันต์ ปราการทอง', '2025-10-24 13:53:34', '', '2025-10-24 13:53:34');
INSERT INTO `kpi_data` VALUES (234, 45, 15, 82, 'ไทย', '2027-10-01', NULL, NULL, 'นายวสันต์ ปราการทอง', '2025-10-24 13:53:34', '', '2025-10-24 13:53:34');
INSERT INTO `kpi_data` VALUES (235, 45, 6, 78, 'ต่างชาติ', '2027-10-01', NULL, NULL, 'นายวสันต์ ปราการทอง', '2025-10-24 13:53:34', '', '2025-10-24 13:53:34');
INSERT INTO `kpi_data` VALUES (236, 45, 75, 95, 'ไทย', '2027-11-01', NULL, NULL, 'นายวสันต์ ปราการทอง', '2025-10-24 13:53:34', '', '2025-10-24 13:53:34');
INSERT INTO `kpi_data` VALUES (237, 45, 36, 58, 'ต่างชาติ', '2027-11-01', NULL, NULL, 'นายวสันต์ ปราการทอง', '2025-10-24 13:53:34', '', '2025-10-24 13:53:34');
INSERT INTO `kpi_data` VALUES (238, 45, 24, 81, 'ไทย', '2027-12-01', NULL, NULL, 'นายวสันต์ ปราการทอง', '2025-10-24 13:53:34', '', '2025-10-24 13:53:34');
INSERT INTO `kpi_data` VALUES (239, 45, 12, 59, 'ต่างชาติ', '2027-12-01', NULL, NULL, 'นายวสันต์ ปราการทอง', '2025-10-24 13:53:34', '', '2025-10-24 13:53:34');
INSERT INTO `kpi_data` VALUES (240, 45, 3, 74, 'ไทย', '2028-01-01', NULL, NULL, 'นายวสันต์ ปราการทอง', '2025-10-24 13:53:34', '', '2025-10-24 13:53:34');
INSERT INTO `kpi_data` VALUES (241, 45, 45, 80, 'ต่างชาติ', '2028-01-01', NULL, NULL, 'นายวสันต์ ปราการทอง', '2025-10-24 13:53:34', '', '2025-10-24 13:53:34');
INSERT INTO `kpi_data` VALUES (242, 45, 19, 30, 'ไทย', '2028-02-01', NULL, NULL, 'นายวสันต์ ปราการทอง', '2025-10-24 13:53:34', '', '2025-10-24 13:53:34');
INSERT INTO `kpi_data` VALUES (243, 45, 51, 66, 'ต่างชาติ', '2028-02-01', NULL, NULL, 'นายวสันต์ ปราการทอง', '2025-10-24 13:53:34', '', '2025-10-24 13:53:34');
INSERT INTO `kpi_data` VALUES (244, 45, 26, 94, 'ไทย', '2028-03-01', NULL, NULL, 'นายวสันต์ ปราการทอง', '2025-10-24 13:53:34', '', '2025-10-24 13:53:34');
INSERT INTO `kpi_data` VALUES (245, 45, 8, 56, 'ต่างชาติ', '2028-03-01', NULL, NULL, 'นายวสันต์ ปราการทอง', '2025-10-24 13:53:34', '', '2025-10-24 13:53:34');
INSERT INTO `kpi_data` VALUES (246, 45, 72, 97, 'ไทย', '2028-04-01', NULL, NULL, 'นายวสันต์ ปราการทอง', '2025-10-24 13:53:34', '', '2025-10-24 13:53:34');
INSERT INTO `kpi_data` VALUES (247, 45, 20, 38, 'ต่างชาติ', '2028-04-01', NULL, NULL, 'นายวสันต์ ปราการทอง', '2025-10-24 13:53:34', '', '2025-10-24 13:53:34');
INSERT INTO `kpi_data` VALUES (248, 45, 5, 48, 'ไทย', '2028-05-01', NULL, NULL, 'นายวสันต์ ปราการทอง', '2025-10-24 13:53:34', '', '2025-10-24 13:53:34');
INSERT INTO `kpi_data` VALUES (249, 45, 34, 73, 'ต่างชาติ', '2028-05-01', NULL, NULL, 'นายวสันต์ ปราการทอง', '2025-10-24 13:53:34', '', '2025-10-24 13:53:34');
INSERT INTO `kpi_data` VALUES (250, 45, 49, 89, 'ไทย', '2028-06-01', NULL, NULL, 'นายวสันต์ ปราการทอง', '2025-10-24 13:53:34', '', '2025-10-24 13:53:34');
INSERT INTO `kpi_data` VALUES (251, 45, 13, 92, 'ต่างชาติ', '2028-06-01', NULL, NULL, 'นายวสันต์ ปราการทอง', '2025-10-24 13:53:34', '', '2025-10-24 13:53:34');
INSERT INTO `kpi_data` VALUES (252, 45, 9, 43, 'ไทย', '2028-07-01', NULL, NULL, 'นายวสันต์ ปราการทอง', '2025-10-24 13:53:34', '', '2025-10-24 13:53:34');
INSERT INTO `kpi_data` VALUES (253, 45, 53, 79, 'ต่างชาติ', '2028-07-01', NULL, NULL, 'นายวสันต์ ปราการทอง', '2025-10-24 13:53:34', '', '2025-10-24 13:53:34');
INSERT INTO `kpi_data` VALUES (254, 45, 27, 64, 'ไทย', '2028-08-01', NULL, NULL, 'นายวสันต์ ปราการทอง', '2025-10-24 13:53:34', '', '2025-10-24 13:53:34');
INSERT INTO `kpi_data` VALUES (255, 45, 10, 54, 'ต่างชาติ', '2028-08-01', NULL, NULL, 'นายวสันต์ ปราการทอง', '2025-10-24 13:53:34', '', '2025-10-24 13:53:34');
INSERT INTO `kpi_data` VALUES (256, 45, 62, 86, 'ไทย', '2028-09-01', NULL, NULL, 'นายวสันต์ ปราการทอง', '2025-10-24 13:53:34', '', '2025-10-24 13:53:34');
INSERT INTO `kpi_data` VALUES (257, 45, 16, 46, 'ต่างชาติ', '2028-09-01', NULL, NULL, 'นายวสันต์ ปราการทอง', '2025-10-24 13:53:34', '', '2025-10-24 13:53:34');
INSERT INTO `kpi_data` VALUES (258, 45, 30, 93, 'ไทย', '2028-10-01', NULL, NULL, 'นายวสันต์ ปราการทอง', '2025-10-24 13:53:34', '', '2025-10-24 13:53:34');
INSERT INTO `kpi_data` VALUES (259, 45, 21, 57, 'ต่างชาติ', '2028-10-01', NULL, NULL, 'นายวสันต์ ปราการทอง', '2025-10-24 13:53:34', '', '2025-10-24 13:53:34');
INSERT INTO `kpi_data` VALUES (260, 45, 47, 69, 'ไทย', '2028-11-01', NULL, NULL, 'นายวสันต์ ปราการทอง', '2025-10-24 13:53:34', '', '2025-10-24 13:53:34');
INSERT INTO `kpi_data` VALUES (261, 45, 39, 76, 'ต่างชาติ', '2028-11-01', NULL, NULL, 'นายวสันต์ ปราการทอง', '2025-10-24 13:53:34', '', '2025-10-24 13:53:34');
INSERT INTO `kpi_data` VALUES (262, 45, 25, 83, 'ไทย', '2028-12-01', NULL, NULL, 'นายวสันต์ ปราการทอง', '2025-10-24 13:53:34', '', '2025-10-24 13:53:34');
INSERT INTO `kpi_data` VALUES (263, 45, 14, 67, 'ต่างชาติ', '2028-12-01', NULL, NULL, 'นายวสันต์ ปราการทอง', '2025-10-24 13:53:34', '', '2025-10-24 13:53:34');
INSERT INTO `kpi_data` VALUES (264, 45, 60, 84, 'ไทย', '2029-01-01', NULL, NULL, 'นายวสันต์ ปราการทอง', '2025-10-24 13:53:34', '', '2025-10-24 13:53:34');
INSERT INTO `kpi_data` VALUES (265, 45, 35, 75, 'ต่างชาติ', '2029-01-01', NULL, NULL, 'นายวสันต์ ปราการทอง', '2025-10-24 13:53:34', '', '2025-10-24 13:53:34');
INSERT INTO `kpi_data` VALUES (266, 45, 66, 98, 'ไทย', '2029-02-01', NULL, NULL, 'นายวสันต์ ปราการทอง', '2025-10-24 13:53:34', '', '2025-10-24 13:53:34');
INSERT INTO `kpi_data` VALUES (267, 45, 43, 50, 'ต่างชาติ', '2029-02-01', NULL, NULL, 'นายวสันต์ ปราการทอง', '2025-10-24 13:53:34', '', '2025-10-24 13:53:34');
INSERT INTO `kpi_data` VALUES (268, 45, 7, 87, 'ไทย', '2029-03-01', NULL, NULL, 'นายวสันต์ ปราการทอง', '2025-10-24 13:57:52', '', '2025-10-24 13:57:52');
INSERT INTO `kpi_data` VALUES (269, 45, 2, 55, 'ต่างชาติ', '2029-03-01', NULL, NULL, 'นายวสันต์ ปราการทอง', '2025-10-24 13:57:52', '', '2025-10-24 13:57:52');
INSERT INTO `kpi_data` VALUES (270, 45, 58, 78, 'ไทย', '2029-04-01', NULL, NULL, 'นายวสันต์ ปราการทอง', '2025-10-24 13:57:52', '', '2025-10-24 13:57:52');
INSERT INTO `kpi_data` VALUES (271, 45, 15, 61, 'ต่างชาติ', '2029-04-01', NULL, NULL, 'นายวสันต์ ปราการทอง', '2025-10-24 13:57:52', '', '2025-10-24 13:57:52');
INSERT INTO `kpi_data` VALUES (272, 45, 31, 90, 'ไทย', '2029-05-01', NULL, NULL, 'นายวสันต์ ปราการทอง', '2025-10-24 13:57:52', '', '2025-10-24 13:57:52');
INSERT INTO `kpi_data` VALUES (273, 45, 6, 47, 'ต่างชาติ', '2029-05-01', NULL, NULL, 'นายวสันต์ ปราการทอง', '2025-10-24 13:57:52', '', '2025-10-24 13:57:52');
INSERT INTO `kpi_data` VALUES (274, 45, 40, 68, 'ไทย', '2029-06-01', NULL, NULL, 'นายวสันต์ ปราการทอง', '2025-10-24 13:57:52', '', '2025-10-24 13:57:52');
INSERT INTO `kpi_data` VALUES (275, 45, 22, 99, 'ต่างชาติ', '2029-06-01', NULL, NULL, 'นายวสันต์ ปราการทอง', '2025-10-24 13:57:52', '', '2025-10-24 13:57:52');
INSERT INTO `kpi_data` VALUES (276, 45, 11, 44, 'ไทย', '2029-07-01', NULL, NULL, 'นายวสันต์ ปราการทอง', '2025-10-24 13:57:52', '', '2025-10-24 13:57:52');
INSERT INTO `kpi_data` VALUES (277, 45, 35, 75, 'ต่างชาติ', '2029-07-01', NULL, NULL, 'นายวสันต์ ปราการทอง', '2025-10-24 13:57:52', '', '2025-10-24 13:57:52');
INSERT INTO `kpi_data` VALUES (278, 45, 52, 81, 'ไทย', '2029-08-01', NULL, NULL, 'นายวสันต์ ปราการทอง', '2025-10-24 13:57:52', '', '2025-10-24 13:57:52');
INSERT INTO `kpi_data` VALUES (279, 45, 18, 93, 'ต่างชาติ', '2029-08-01', NULL, NULL, 'นายวสันต์ ปราการทอง', '2025-10-24 13:57:52', '', '2025-10-24 13:57:52');
INSERT INTO `kpi_data` VALUES (280, 45, 45, 71, 'ไทย', '2029-09-01', NULL, NULL, 'นายวสันต์ ปราการทอง', '2025-10-24 13:57:52', '', '2025-10-24 13:57:52');
INSERT INTO `kpi_data` VALUES (281, 45, 3, 50, 'ต่างชาติ', '2029-09-01', NULL, NULL, 'นายวสันต์ ปราการทอง', '2025-10-24 13:57:52', '', '2025-10-24 13:57:52');
INSERT INTO `kpi_data` VALUES (282, 45, 14, 79, 'ไทย', '2029-10-01', NULL, NULL, 'นายวสันต์ ปราการทอง', '2025-10-24 13:57:52', '', '2025-10-24 13:57:52');
INSERT INTO `kpi_data` VALUES (283, 45, 62, 85, 'ต่างชาติ', '2029-10-01', NULL, NULL, 'นายวสันต์ ปราการทอง', '2025-10-24 13:57:52', '', '2025-10-24 13:57:52');
INSERT INTO `kpi_data` VALUES (284, 45, 24, 56, 'ไทย', '2029-11-01', NULL, NULL, 'นายวสันต์ ปราการทอง', '2025-10-24 13:57:52', '', '2025-10-24 13:57:52');
INSERT INTO `kpi_data` VALUES (285, 45, 8, 66, 'ต่างชาติ', '2029-11-01', NULL, NULL, 'นายวสันต์ ปราการทอง', '2025-10-24 13:57:52', '', '2025-10-24 13:57:52');
INSERT INTO `kpi_data` VALUES (286, 45, 70, 98, 'ไทย', '2029-12-01', NULL, NULL, 'นายวสันต์ ปราการทอง', '2025-10-24 13:57:52', '', '2025-10-24 13:57:52');
INSERT INTO `kpi_data` VALUES (287, 45, 30, 49, 'ต่างชาติ', '2029-12-01', NULL, NULL, 'นายวสันต์ ปราการทอง', '2025-10-24 13:57:52', '', '2025-10-24 13:57:52');
INSERT INTO `kpi_data` VALUES (288, 45, 1, 74, 'ไทย', '2030-01-01', NULL, NULL, 'นายวสันต์ ปราการทอง', '2025-10-24 13:57:52', '', '2025-10-24 13:57:52');
INSERT INTO `kpi_data` VALUES (289, 45, 48, 83, 'ต่างชาติ', '2030-01-01', NULL, NULL, 'นายวสันต์ ปราการทอง', '2025-10-24 13:57:52', '', '2025-10-24 13:57:52');
INSERT INTO `kpi_data` VALUES (290, 45, 17, 53, 'ไทย', '2030-02-01', NULL, NULL, 'นายวสันต์ ปราการทอง', '2025-10-24 13:57:52', '', '2025-10-24 13:57:52');
INSERT INTO `kpi_data` VALUES (291, 45, 42, 77, 'ต่างชาติ', '2030-02-01', NULL, NULL, 'นายวสันต์ ปราการทอง', '2025-10-24 13:57:52', '', '2025-10-24 13:57:52');
INSERT INTO `kpi_data` VALUES (292, 45, 5, 94, 'ไทย', '2030-03-01', NULL, NULL, 'นายวสันต์ ปราการทอง', '2025-10-24 13:57:52', '', '2025-10-24 13:57:52');
INSERT INTO `kpi_data` VALUES (293, 45, 25, 39, 'ต่างชาติ', '2030-03-01', NULL, NULL, 'นายวสันต์ ปราการทอง', '2025-10-24 13:57:52', '', '2025-10-24 13:57:52');
INSERT INTO `kpi_data` VALUES (294, 45, 65, 88, 'ไทย', '2030-04-01', NULL, NULL, 'นายวสันต์ ปราการทอง', '2025-10-24 13:57:52', '', '2025-10-24 13:57:52');
INSERT INTO `kpi_data` VALUES (295, 45, 9, 41, 'ต่างชาติ', '2030-04-01', NULL, NULL, 'นายวสันต์ ปราการทอง', '2025-10-24 13:57:52', '', '2025-10-24 13:57:52');
INSERT INTO `kpi_data` VALUES (296, 45, 37, 59, 'ไทย', '2030-05-01', NULL, NULL, 'นายวสันต์ ปราการทอง', '2025-10-24 13:57:52', '', '2025-10-24 13:57:52');
INSERT INTO `kpi_data` VALUES (297, 45, 13, 63, 'ต่างชาติ', '2030-05-01', NULL, NULL, 'นายวสันต์ ปราการทอง', '2025-10-24 13:57:52', '', '2025-10-24 13:57:52');
INSERT INTO `kpi_data` VALUES (298, 45, 46, 96, 'ไทย', '2030-06-01', NULL, NULL, 'นายวสันต์ ปราการทอง', '2025-10-24 13:57:52', '', '2025-10-24 13:57:52');
INSERT INTO `kpi_data` VALUES (299, 45, 28, 72, 'ต่างชาติ', '2030-06-01', NULL, NULL, 'นายวสันต์ ปราการทอง', '2025-10-24 13:57:52', '', '2025-10-24 13:57:52');
INSERT INTO `kpi_data` VALUES (300, 45, 4, 80, 'ไทย', '2030-07-01', NULL, NULL, 'นายวสันต์ ปราการทอง', '2025-10-24 13:57:52', '', '2025-10-24 13:57:52');
INSERT INTO `kpi_data` VALUES (301, 45, 19, 54, 'ต่างชาติ', '2030-07-01', NULL, NULL, 'นายวสันต์ ปราการทอง', '2025-10-24 13:57:52', '', '2025-10-24 13:57:52');
INSERT INTO `kpi_data` VALUES (302, 45, 50, 89, 'ไทย', '2030-08-01', NULL, NULL, 'นายวสันต์ ปราการทอง', '2025-10-24 13:57:52', '', '2025-10-24 13:57:52');
INSERT INTO `kpi_data` VALUES (303, 45, 21, 73, 'ต่างชาติ', '2030-08-01', NULL, NULL, 'นายวสันต์ ปราการทอง', '2025-10-24 13:57:52', '', '2025-10-24 13:57:52');
INSERT INTO `kpi_data` VALUES (304, 45, 33, 64, 'ไทย', '2030-09-01', NULL, NULL, 'นายวสันต์ ปราการทอง', '2025-10-24 13:57:52', '', '2025-10-24 13:57:52');
INSERT INTO `kpi_data` VALUES (305, 45, 16, 92, 'ต่างชาติ', '2030-09-01', NULL, NULL, 'นายวสันต์ ปราการทอง', '2025-10-24 13:57:52', '', '2025-10-24 13:57:52');
INSERT INTO `kpi_data` VALUES (306, 45, 55, 76, 'ไทย', '2030-10-01', NULL, NULL, 'นายวสันต์ ปราการทอง', '2025-10-24 13:57:52', '', '2025-10-24 13:57:52');
INSERT INTO `kpi_data` VALUES (307, 45, 23, 40, 'ต่างชาติ', '2030-10-01', NULL, NULL, 'นายวสันต์ ปราการทอง', '2025-10-24 13:57:52', '', '2025-10-24 13:57:52');
INSERT INTO `kpi_data` VALUES (308, 45, 10, 82, 'ไทย', '2030-11-01', NULL, NULL, 'นายวสันต์ ปราการทอง', '2025-10-24 13:57:52', '', '2025-10-24 13:57:52');
INSERT INTO `kpi_data` VALUES (309, 45, 38, 57, 'ต่างชาติ', '2030-11-01', NULL, NULL, 'นายวสันต์ ปราการทอง', '2025-10-24 13:57:52', '', '2025-10-24 13:57:52');
INSERT INTO `kpi_data` VALUES (310, 45, 49, 91, 'ไทย', '2030-12-01', NULL, NULL, 'นายวสันต์ ปราการทอง', '2025-10-24 13:57:52', '', '2025-10-24 13:57:52');
INSERT INTO `kpi_data` VALUES (311, 45, 20, 43, 'ต่างชาติ', '2030-12-01', NULL, NULL, 'นายวสันต์ ปราการทอง', '2025-10-24 13:57:52', '', '2025-10-24 13:57:52');
INSERT INTO `kpi_data` VALUES (312, 45, 60, 95, 'ไทย', '2031-01-01', NULL, NULL, 'นายวสันต์ ปราการทอง', '2025-10-24 13:57:52', '', '2025-10-24 13:57:52');
INSERT INTO `kpi_data` VALUES (313, 45, 34, 70, 'ต่างชาติ', '2031-01-01', NULL, NULL, 'นายวสันต์ ปราการทอง', '2025-10-24 13:57:52', '', '2025-10-24 13:57:52');
INSERT INTO `kpi_data` VALUES (314, 45, 12, 86, 'ไทย', '2031-02-01', NULL, NULL, 'นายวสันต์ ปราการทอง', '2025-10-24 13:57:52', '', '2025-10-24 13:57:52');
INSERT INTO `kpi_data` VALUES (315, 45, 44, 67, 'ต่างชาติ', '2031-02-01', NULL, NULL, 'นายวสันต์ ปราการทอง', '2025-10-24 13:57:52', '', '2025-10-24 13:57:52');
INSERT INTO `kpi_data` VALUES (316, 45, 5, 78, 'ไทย', '2031-03-01', NULL, NULL, 'นายวสันต์ ปราการทอง', '2025-10-24 13:58:24', '', '2025-10-24 13:58:24');
INSERT INTO `kpi_data` VALUES (317, 45, 27, 55, 'ต่างชาติ', '2031-03-01', NULL, NULL, 'นายวสันต์ ปราการทอง', '2025-10-24 13:58:24', '', '2025-10-24 13:58:24');
INSERT INTO `kpi_data` VALUES (318, 45, 68, 91, 'ไทย', '2031-04-01', NULL, NULL, 'นายวสันต์ ปราการทอง', '2025-10-24 13:58:24', '', '2025-10-24 13:58:24');
INSERT INTO `kpi_data` VALUES (319, 45, 14, 46, 'ต่างชาติ', '2031-04-01', NULL, NULL, 'นายวสันต์ ปราการทอง', '2025-10-24 13:58:24', '', '2025-10-24 13:58:24');
INSERT INTO `kpi_data` VALUES (320, 45, 31, 60, 'ไทย', '2031-05-01', NULL, NULL, 'นายวสันต์ ปราการทอง', '2025-10-24 13:58:24', '', '2025-10-24 13:58:24');
INSERT INTO `kpi_data` VALUES (321, 45, 20, 88, 'ต่างชาติ', '2031-05-01', NULL, NULL, 'นายวสันต์ ปราการทอง', '2025-10-24 13:58:24', '', '2025-10-24 13:58:24');
INSERT INTO `kpi_data` VALUES (322, 45, 7, 63, 'ไทย', '2031-06-01', NULL, NULL, 'นายวสันต์ ปราการทอง', '2025-10-24 13:58:24', '', '2025-10-24 13:58:24');
INSERT INTO `kpi_data` VALUES (323, 45, 33, 70, 'ต่างชาติ', '2031-06-01', NULL, NULL, 'นายวสันต์ ปราการทอง', '2025-10-24 13:58:24', '', '2025-10-24 13:58:24');
INSERT INTO `kpi_data` VALUES (324, 45, 40, 99, 'ไทย', '2031-07-01', NULL, NULL, 'นายวสันต์ ปราการทอง', '2025-10-24 13:58:24', '', '2025-10-24 13:58:24');
INSERT INTO `kpi_data` VALUES (325, 45, 18, 47, 'ต่างชาติ', '2031-07-01', NULL, NULL, 'นายวสันต์ ปราการทอง', '2025-10-24 13:58:24', '', '2025-10-24 13:58:24');
INSERT INTO `kpi_data` VALUES (326, 45, 52, 81, 'ไทย', '2031-08-01', NULL, NULL, 'นายวสันต์ ปราการทอง', '2025-10-24 13:58:24', '', '2025-10-24 13:58:24');
INSERT INTO `kpi_data` VALUES (327, 45, 2, 65, 'ต่างชาติ', '2031-08-01', NULL, NULL, 'นายวสันต์ ปราการทอง', '2025-10-24 13:58:24', '', '2025-10-24 13:58:24');
INSERT INTO `kpi_data` VALUES (328, 45, 45, 90, 'ไทย', '2031-09-01', NULL, NULL, 'นายวสันต์ ปราการทอง', '2025-10-24 13:58:24', '', '2025-10-24 13:58:24');
INSERT INTO `kpi_data` VALUES (329, 45, 1, 44, 'ต่างชาติ', '2031-09-01', NULL, NULL, 'นายวสันต์ ปราการทอง', '2025-10-24 13:58:24', '', '2025-10-24 13:58:24');
INSERT INTO `kpi_data` VALUES (330, 45, 15, 79, 'ไทย', '2031-10-01', NULL, NULL, 'นายวสันต์ ปราการทอง', '2025-10-24 13:58:24', '', '2025-10-24 13:58:24');
INSERT INTO `kpi_data` VALUES (331, 45, 6, 93, 'ต่างชาติ', '2031-10-01', NULL, NULL, 'นายวสันต์ ปราการทอง', '2025-10-24 13:58:24', '', '2025-10-24 13:58:24');
INSERT INTO `kpi_data` VALUES (332, 45, 24, 56, 'ไทย', '2031-11-01', NULL, NULL, 'นายวสันต์ ปราการทอง', '2025-10-24 13:58:24', '', '2025-10-24 13:58:24');
INSERT INTO `kpi_data` VALUES (333, 45, 36, 78, 'ต่างชาติ', '2031-11-01', NULL, NULL, 'นายวสันต์ ปราการทอง', '2025-10-24 13:58:24', '', '2025-10-24 13:58:24');
INSERT INTO `kpi_data` VALUES (334, 45, 75, 95, 'ไทย', '2031-12-01', NULL, NULL, 'นายวสันต์ ปราการทอง', '2025-10-24 13:58:24', '', '2025-10-24 13:58:24');
INSERT INTO `kpi_data` VALUES (335, 45, 12, 58, 'ต่างชาติ', '2031-12-01', NULL, NULL, 'นายวสันต์ ปราการทอง', '2025-10-24 13:58:24', '', '2025-10-24 13:58:24');
INSERT INTO `kpi_data` VALUES (336, 45, 3, 74, 'ไทย', '2032-01-01', NULL, NULL, 'นายวสันต์ ปราการทอง', '2025-10-24 13:58:24', '', '2025-10-24 13:58:24');
INSERT INTO `kpi_data` VALUES (337, 45, 45, 80, 'ต่างชาติ', '2032-01-01', NULL, NULL, 'นายวสันต์ ปราการทอง', '2025-10-24 13:58:24', '', '2025-10-24 13:58:24');
INSERT INTO `kpi_data` VALUES (338, 45, 19, 30, 'ไทย', '2032-02-01', NULL, NULL, 'นายวสันต์ ปราการทอง', '2025-10-24 13:58:24', '', '2025-10-24 13:58:24');
INSERT INTO `kpi_data` VALUES (339, 45, 51, 66, 'ต่างชาติ', '2032-02-01', NULL, NULL, 'นายวสันต์ ปราการทอง', '2025-10-24 13:58:24', '', '2025-10-24 13:58:24');
INSERT INTO `kpi_data` VALUES (340, 45, 26, 94, 'ไทย', '2032-03-01', NULL, NULL, 'นายวสันต์ ปราการทอง', '2025-10-24 13:58:24', '', '2025-10-24 13:58:24');
INSERT INTO `kpi_data` VALUES (341, 45, 8, 56, 'ต่างชาติ', '2032-03-01', NULL, NULL, 'นายวสันต์ ปราการทอง', '2025-10-24 13:58:24', '', '2025-10-24 13:58:24');
INSERT INTO `kpi_data` VALUES (342, 45, 72, 97, 'ไทย', '2032-04-01', NULL, NULL, 'นายวสันต์ ปราการทอง', '2025-10-24 13:58:24', '', '2025-10-24 13:58:24');
INSERT INTO `kpi_data` VALUES (343, 45, 20, 38, 'ต่างชาติ', '2032-04-01', NULL, NULL, 'นายวสันต์ ปราการทอง', '2025-10-24 13:58:24', '', '2025-10-24 13:58:24');
INSERT INTO `kpi_data` VALUES (344, 45, 5, 48, 'ไทย', '2032-05-01', NULL, NULL, 'นายวสันต์ ปราการทอง', '2025-10-24 13:58:24', '', '2025-10-24 13:58:24');
INSERT INTO `kpi_data` VALUES (345, 45, 34, 73, 'ต่างชาติ', '2032-05-01', NULL, NULL, 'นายวสันต์ ปราการทอง', '2025-10-24 13:58:24', '', '2025-10-24 13:58:24');
INSERT INTO `kpi_data` VALUES (346, 45, 49, 89, 'ไทย', '2032-06-01', NULL, NULL, 'นายวสันต์ ปราการทอง', '2025-10-24 13:58:24', '', '2025-10-24 13:58:24');
INSERT INTO `kpi_data` VALUES (347, 45, 13, 92, 'ต่างชาติ', '2032-06-01', NULL, NULL, 'นายวสันต์ ปราการทอง', '2025-10-24 13:58:24', '', '2025-10-24 13:58:24');
INSERT INTO `kpi_data` VALUES (348, 45, 9, 43, 'ไทย', '2032-07-01', NULL, NULL, 'นายวสันต์ ปราการทอง', '2025-10-24 13:58:24', '', '2025-10-24 13:58:24');
INSERT INTO `kpi_data` VALUES (349, 45, 53, 79, 'ต่างชาติ', '2032-07-01', NULL, NULL, 'นายวสันต์ ปราการทอง', '2025-10-24 13:58:24', '', '2025-10-24 13:58:24');
INSERT INTO `kpi_data` VALUES (350, 45, 27, 64, 'ไทย', '2032-08-01', NULL, NULL, 'นายวสันต์ ปราการทอง', '2025-10-24 13:58:24', '', '2025-10-24 13:58:24');
INSERT INTO `kpi_data` VALUES (351, 45, 10, 54, 'ต่างชาติ', '2032-08-01', NULL, NULL, 'นายวสันต์ ปราการทอง', '2025-10-24 13:58:24', '', '2025-10-24 13:58:24');
INSERT INTO `kpi_data` VALUES (352, 45, 62, 86, 'ไทย', '2032-09-01', NULL, NULL, 'นายวสันต์ ปราการทอง', '2025-10-24 13:58:24', '', '2025-10-24 13:58:24');
INSERT INTO `kpi_data` VALUES (353, 45, 16, 46, 'ต่างชาติ', '2032-09-01', NULL, NULL, 'นายวสันต์ ปราการทอง', '2025-10-24 13:58:24', '', '2025-10-24 13:58:24');
INSERT INTO `kpi_data` VALUES (354, 45, 30, 93, 'ไทย', '2032-10-01', NULL, NULL, 'นายวสันต์ ปราการทอง', '2025-10-24 13:58:24', '', '2025-10-24 13:58:24');
INSERT INTO `kpi_data` VALUES (355, 45, 21, 57, 'ต่างชาติ', '2032-10-01', NULL, NULL, 'นายวสันต์ ปราการทอง', '2025-10-24 13:58:24', '', '2025-10-24 13:58:24');
INSERT INTO `kpi_data` VALUES (356, 45, 47, 69, 'ไทย', '2032-11-01', NULL, NULL, 'นายวสันต์ ปราการทอง', '2025-10-24 13:58:24', '', '2025-10-24 13:58:24');
INSERT INTO `kpi_data` VALUES (357, 45, 39, 76, 'ต่างชาติ', '2032-11-01', NULL, NULL, 'นายวสันต์ ปราการทอง', '2025-10-24 13:58:24', '', '2025-10-24 13:58:24');
INSERT INTO `kpi_data` VALUES (358, 45, 25, 83, 'ไทย', '2032-12-01', NULL, NULL, 'นายวสันต์ ปราการทอง', '2025-10-24 13:58:24', '', '2025-10-24 13:58:24');
INSERT INTO `kpi_data` VALUES (359, 45, 14, 67, 'ต่างชาติ', '2032-12-01', NULL, NULL, 'นายวสันต์ ปราการทอง', '2025-10-24 13:58:24', '', '2025-10-24 13:58:24');
INSERT INTO `kpi_data` VALUES (360, 45, 60, 84, 'ไทย', '2033-01-01', NULL, NULL, 'นายวสันต์ ปราการทอง', '2025-10-24 13:58:24', '', '2025-10-24 13:58:24');
INSERT INTO `kpi_data` VALUES (361, 45, 35, 75, 'ต่างชาติ', '2033-01-01', NULL, NULL, 'นายวสันต์ ปราการทอง', '2025-10-24 13:58:24', '', '2025-10-24 13:58:24');
INSERT INTO `kpi_data` VALUES (362, 45, 66, 98, 'ไทย', '2033-02-01', NULL, NULL, 'นายวสันต์ ปราการทอง', '2025-10-24 13:58:24', '', '2025-10-24 13:58:24');
INSERT INTO `kpi_data` VALUES (363, 45, 43, 50, 'ต่างชาติ', '2033-02-01', NULL, NULL, 'นายวสันต์ ปราการทอง', '2025-10-24 13:58:24', '', '2025-10-24 13:58:24');
INSERT INTO `kpi_data` VALUES (364, 45, 7, 87, 'ไทย', '2033-03-01', NULL, NULL, 'นายวสันต์ ปราการทอง', '2025-10-24 13:58:24', '', '2025-10-24 13:58:24');
INSERT INTO `kpi_data` VALUES (365, 45, 2, 55, 'ต่างชาติ', '2033-03-01', NULL, NULL, 'นายวสันต์ ปราการทอง', '2025-10-24 13:58:24', '', '2025-10-24 13:58:24');
INSERT INTO `kpi_data` VALUES (366, 45, 58, 78, 'ไทย', '2033-04-01', NULL, NULL, 'นายวสันต์ ปราการทอง', '2025-10-24 13:59:26', '', '2025-10-24 13:59:26');
INSERT INTO `kpi_data` VALUES (367, 45, 15, 61, 'ต่างชาติ', '2033-04-01', NULL, NULL, 'นายวสันต์ ปราการทอง', '2025-10-24 13:59:26', '', '2025-10-24 13:59:26');
INSERT INTO `kpi_data` VALUES (368, 45, 31, 90, 'ไทย', '2033-05-01', NULL, NULL, 'นายวสันต์ ปราการทอง', '2025-10-24 13:59:26', '', '2025-10-24 13:59:26');
INSERT INTO `kpi_data` VALUES (369, 45, 6, 47, 'ต่างชาติ', '2033-05-01', NULL, NULL, 'นายวสันต์ ปราการทอง', '2025-10-24 13:59:26', '', '2025-10-24 13:59:26');
INSERT INTO `kpi_data` VALUES (370, 45, 40, 68, 'ไทย', '2033-06-01', NULL, NULL, 'นายวสันต์ ปราการทอง', '2025-10-24 13:59:26', '', '2025-10-24 13:59:26');
INSERT INTO `kpi_data` VALUES (371, 45, 22, 99, 'ต่างชาติ', '2033-06-01', NULL, NULL, 'นายวสันต์ ปราการทอง', '2025-10-24 13:59:26', '', '2025-10-24 13:59:26');
INSERT INTO `kpi_data` VALUES (372, 45, 11, 44, 'ไทย', '2033-07-01', NULL, NULL, 'นายวสันต์ ปราการทอง', '2025-10-24 13:59:26', '', '2025-10-24 13:59:26');
INSERT INTO `kpi_data` VALUES (373, 45, 35, 75, 'ต่างชาติ', '2033-07-01', NULL, NULL, 'นายวสันต์ ปราการทอง', '2025-10-24 13:59:26', '', '2025-10-24 13:59:26');
INSERT INTO `kpi_data` VALUES (374, 45, 52, 81, 'ไทย', '2033-08-01', NULL, NULL, 'นายวสันต์ ปราการทอง', '2025-10-24 13:59:26', '', '2025-10-24 13:59:26');
INSERT INTO `kpi_data` VALUES (375, 45, 18, 93, 'ต่างชาติ', '2033-08-01', NULL, NULL, 'นายวสันต์ ปราการทอง', '2025-10-24 13:59:26', '', '2025-10-24 13:59:26');
INSERT INTO `kpi_data` VALUES (376, 45, 45, 71, 'ไทย', '2033-09-01', NULL, NULL, 'นายวสันต์ ปราการทอง', '2025-10-24 13:59:26', '', '2025-10-24 13:59:26');
INSERT INTO `kpi_data` VALUES (377, 45, 3, 50, 'ต่างชาติ', '2033-09-01', NULL, NULL, 'นายวสันต์ ปราการทอง', '2025-10-24 13:59:26', '', '2025-10-24 13:59:26');
INSERT INTO `kpi_data` VALUES (378, 45, 14, 79, 'ไทย', '2033-10-01', NULL, NULL, 'นายวสันต์ ปราการทอง', '2025-10-24 13:59:26', '', '2025-10-24 13:59:26');
INSERT INTO `kpi_data` VALUES (379, 45, 62, 85, 'ต่างชาติ', '2033-10-01', NULL, NULL, 'นายวสันต์ ปราการทอง', '2025-10-24 13:59:26', '', '2025-10-24 13:59:26');
INSERT INTO `kpi_data` VALUES (380, 45, 24, 56, 'ไทย', '2033-11-01', NULL, NULL, 'นายวสันต์ ปราการทอง', '2025-10-24 13:59:26', '', '2025-10-24 13:59:26');
INSERT INTO `kpi_data` VALUES (381, 45, 8, 66, 'ต่างชาติ', '2033-11-01', NULL, NULL, 'นายวสันต์ ปราการทอง', '2025-10-24 13:59:26', '', '2025-10-24 13:59:26');
INSERT INTO `kpi_data` VALUES (382, 45, 70, 98, 'ไทย', '2033-12-01', NULL, NULL, 'นายวสันต์ ปราการทอง', '2025-10-24 13:59:26', '', '2025-10-24 13:59:26');
INSERT INTO `kpi_data` VALUES (383, 45, 30, 49, 'ต่างชาติ', '2033-12-01', NULL, NULL, 'นายวสันต์ ปราการทอง', '2025-10-24 13:59:26', '', '2025-10-24 13:59:26');
INSERT INTO `kpi_data` VALUES (384, 45, 1, 74, 'ไทย', '2034-01-01', NULL, NULL, 'นายวสันต์ ปราการทอง', '2025-10-24 13:59:26', '', '2025-10-24 13:59:26');
INSERT INTO `kpi_data` VALUES (385, 45, 48, 83, 'ต่างชาติ', '2034-01-01', NULL, NULL, 'นายวสันต์ ปราการทอง', '2025-10-24 13:59:26', '', '2025-10-24 13:59:26');
INSERT INTO `kpi_data` VALUES (386, 45, 17, 53, 'ไทย', '2034-02-01', NULL, NULL, 'นายวสันต์ ปราการทอง', '2025-10-24 13:59:26', '', '2025-10-24 13:59:26');
INSERT INTO `kpi_data` VALUES (387, 45, 42, 77, 'ต่างชาติ', '2034-02-01', NULL, NULL, 'นายวสันต์ ปราการทอง', '2025-10-24 13:59:26', '', '2025-10-24 13:59:26');
INSERT INTO `kpi_data` VALUES (388, 45, 5, 94, 'ไทย', '2034-03-01', NULL, NULL, 'นายวสันต์ ปราการทอง', '2025-10-24 13:59:26', '', '2025-10-24 13:59:26');
INSERT INTO `kpi_data` VALUES (389, 45, 25, 39, 'ต่างชาติ', '2034-03-01', NULL, NULL, 'นายวสันต์ ปราการทอง', '2025-10-24 13:59:26', '', '2025-10-24 13:59:26');
INSERT INTO `kpi_data` VALUES (390, 45, 65, 88, 'ไทย', '2034-04-01', NULL, NULL, 'นายวสันต์ ปราการทอง', '2025-10-24 13:59:26', '', '2025-10-24 13:59:26');
INSERT INTO `kpi_data` VALUES (391, 45, 9, 41, 'ต่างชาติ', '2034-04-01', NULL, NULL, 'นายวสันต์ ปราการทอง', '2025-10-24 13:59:26', '', '2025-10-24 13:59:26');
INSERT INTO `kpi_data` VALUES (392, 45, 37, 59, 'ไทย', '2034-05-01', NULL, NULL, 'นายวสันต์ ปราการทอง', '2025-10-24 13:59:26', '', '2025-10-24 13:59:26');
INSERT INTO `kpi_data` VALUES (393, 45, 13, 63, 'ต่างชาติ', '2034-05-01', NULL, NULL, 'นายวสันต์ ปราการทอง', '2025-10-24 13:59:26', '', '2025-10-24 13:59:26');
INSERT INTO `kpi_data` VALUES (394, 45, 46, 96, 'ไทย', '2034-06-01', NULL, NULL, 'นายวสันต์ ปราการทอง', '2025-10-24 13:59:26', '', '2025-10-24 13:59:26');
INSERT INTO `kpi_data` VALUES (395, 45, 28, 72, 'ต่างชาติ', '2034-06-01', NULL, NULL, 'นายวสันต์ ปราการทอง', '2025-10-24 13:59:26', '', '2025-10-24 13:59:26');
INSERT INTO `kpi_data` VALUES (396, 45, 4, 80, 'ไทย', '2034-07-01', NULL, NULL, 'นายวสันต์ ปราการทอง', '2025-10-24 13:59:26', '', '2025-10-24 13:59:26');
INSERT INTO `kpi_data` VALUES (397, 45, 19, 54, 'ต่างชาติ', '2034-07-01', NULL, NULL, 'นายวสันต์ ปราการทอง', '2025-10-24 13:59:26', '', '2025-10-24 13:59:26');
INSERT INTO `kpi_data` VALUES (398, 45, 50, 89, 'ไทย', '2034-08-01', NULL, NULL, 'นายวสันต์ ปราการทอง', '2025-10-24 13:59:26', '', '2025-10-24 13:59:26');
INSERT INTO `kpi_data` VALUES (399, 45, 21, 73, 'ต่างชาติ', '2034-08-01', NULL, NULL, 'นายวสันต์ ปราการทอง', '2025-10-24 13:59:26', '', '2025-10-24 13:59:26');
INSERT INTO `kpi_data` VALUES (400, 45, 33, 64, 'ไทย', '2034-09-01', NULL, NULL, 'นายวสันต์ ปราการทอง', '2025-10-24 13:59:26', '', '2025-10-24 13:59:26');
INSERT INTO `kpi_data` VALUES (401, 45, 16, 92, 'ต่างชาติ', '2034-09-01', NULL, NULL, 'นายวสันต์ ปราการทอง', '2025-10-24 13:59:26', '', '2025-10-24 13:59:26');
INSERT INTO `kpi_data` VALUES (402, 45, 55, 76, 'ไทย', '2034-10-01', NULL, NULL, 'นายวสันต์ ปราการทอง', '2025-10-24 13:59:26', '', '2025-10-24 13:59:26');
INSERT INTO `kpi_data` VALUES (403, 45, 23, 40, 'ต่างชาติ', '2034-10-01', NULL, NULL, 'นายวสันต์ ปราการทอง', '2025-10-24 13:59:26', '', '2025-10-24 13:59:26');
INSERT INTO `kpi_data` VALUES (404, 45, 10, 82, 'ไทย', '2034-11-01', NULL, NULL, 'นายวสันต์ ปราการทอง', '2025-10-24 13:59:26', '', '2025-10-24 13:59:26');
INSERT INTO `kpi_data` VALUES (405, 45, 38, 57, 'ต่างชาติ', '2034-11-01', NULL, NULL, 'นายวสันต์ ปราการทอง', '2025-10-24 13:59:26', '', '2025-10-24 13:59:26');
INSERT INTO `kpi_data` VALUES (406, 45, 49, 91, 'ไทย', '2034-12-01', NULL, NULL, 'นายวสันต์ ปราการทอง', '2025-10-24 13:59:26', '', '2025-10-24 13:59:26');
INSERT INTO `kpi_data` VALUES (407, 45, 20, 43, 'ต่างชาติ', '2034-12-01', NULL, NULL, 'นายวสันต์ ปราการทอง', '2025-10-24 13:59:26', '', '2025-10-24 13:59:26');
INSERT INTO `kpi_data` VALUES (408, 45, 60, 95, 'ไทย', '2035-01-01', NULL, NULL, 'นายวสันต์ ปราการทอง', '2025-10-24 13:59:26', '', '2025-10-24 13:59:26');
INSERT INTO `kpi_data` VALUES (409, 45, 34, 70, 'ต่างชาติ', '2035-01-01', NULL, NULL, 'นายวสันต์ ปราการทอง', '2025-10-24 13:59:26', '', '2025-10-24 13:59:26');
INSERT INTO `kpi_data` VALUES (410, 45, 12, 86, 'ไทย', '2035-02-01', NULL, NULL, 'นายวสันต์ ปราการทอง', '2025-10-24 13:59:26', '', '2025-10-24 13:59:26');
INSERT INTO `kpi_data` VALUES (411, 45, 44, 67, 'ต่างชาติ', '2035-02-01', NULL, NULL, 'นายวสันต์ ปราการทอง', '2025-10-24 13:59:26', '', '2025-10-24 13:59:26');
INSERT INTO `kpi_data` VALUES (412, 45, 5, 78, 'ไทย', '2035-03-01', NULL, NULL, 'นายวสันต์ ปราการทอง', '2025-10-24 13:59:26', '', '2025-10-24 13:59:26');
INSERT INTO `kpi_data` VALUES (413, 45, 27, 55, 'ต่างชาติ', '2035-03-01', NULL, NULL, 'นายวสันต์ ปราการทอง', '2025-10-24 13:59:26', '', '2025-10-24 13:59:26');
INSERT INTO `kpi_data` VALUES (414, 45, 68, 91, 'ไทย', '2035-04-01', NULL, NULL, 'นายวสันต์ ปราการทอง', '2025-10-24 13:59:26', '', '2025-10-24 13:59:26');
INSERT INTO `kpi_data` VALUES (415, 45, 14, 46, 'ต่างชาติ', '2035-04-01', NULL, NULL, 'นายวสันต์ ปราการทอง', '2025-10-24 13:59:26', '', '2025-10-24 13:59:26');
INSERT INTO `kpi_data` VALUES (417, 3, 4, 10, 'ไทย', '2025-04-01', NULL, NULL, 'นายวสันต์ ปราการทอง', '2025-11-07 10:37:26', 'นายวสันต์ ปราการทอง', '2025-11-07 10:37:26');
INSERT INTO `kpi_data` VALUES (418, 3, 1, 3, 'ต่างชาติ', '2025-04-01', NULL, NULL, 'นายวสันต์ ปราการทอง', '2025-11-07 10:37:26', 'นายวสันต์ ปราการทอง', '2025-11-07 10:37:26');
INSERT INTO `kpi_data` VALUES (419, 3, 1, 2, 'ไทย', '2025-05-01', '- ปัญหามุแง', '- ขอกำลังสนับสนุนด่วนเลยนะ มุแง', 'นายวสันต์ ปราการทอง', '2025-11-07 11:33:14', 'นายวสันต์ ปราการทอง', '2025-11-07 11:33:14');
INSERT INTO `kpi_data` VALUES (420, 3, 3, 10, 'ต่างชาติ', '2025-05-01', NULL, '- ข้อเสนอแนะ 1\n- ข้อเสนอแนะ 2\n- ข้อเสนอแนะ 3', 'นายวสันต์ ปราการทอง', '2025-11-07 11:33:54', 'นายวสันต์ ปราการทอง', '2025-11-07 11:33:54');
INSERT INTO `kpi_data` VALUES (421, 51, 1, 10, 'ไทย', '2025-12-01', '', '', '', '2025-11-18 19:28:03', '', '2025-11-18 19:28:03');
INSERT INTO `kpi_data` VALUES (422, 5, 2, 8000, 'ไทย', '2025-04-01', NULL, NULL, 'นายวสันต์ ปราการทอง', '2025-11-19 13:50:09', 'นายวสันต์ ปราการทอง', '2025-11-19 13:50:09');
INSERT INTO `kpi_data` VALUES (423, 5, 0, 3500, 'ไทย', '2025-05-01', NULL, NULL, 'นายวสันต์ ปราการทอง', '2025-11-19 13:50:09', 'นายวสันต์ ปราการทอง', '2025-11-19 13:50:09');
INSERT INTO `kpi_data` VALUES (424, 6, 1, 800, 'ไทย', '2025-05-01', NULL, NULL, 'นายวสันต์ ปราการทอง', '2025-11-19 13:56:53', 'นายวสันต์ ปราการทอง', '2025-11-19 13:56:53');
INSERT INTO `kpi_data` VALUES (425, 6, 3, 1500, 'ไทย', '2025-04-01', NULL, NULL, 'นายวสันต์ ปราการทอง', '2025-11-19 15:13:04', 'นายวสันต์ ปราการทอง', '2025-11-19 15:13:04');
INSERT INTO `kpi_data` VALUES (426, 55, 90, 100, 'ไทย', '2025-01-01', '- คนไข้งอแง', '- เพิ่มกิจกรรมบำบัดเพื่อความผ่อนคลาย', 'นายวสันต์ ปราการทอง', '2025-11-20 09:35:38', 'นายวสันต์ ปราการทอง', '2025-11-20 09:42:37');
INSERT INTO `kpi_data` VALUES (427, 55, 90, 100, 'ไทย', '2025-02-01', NULL, NULL, 'นายวสันต์ ปราการทอง', '2025-11-20 09:37:36', 'นายวสันต์ ปราการทอง', '2025-11-20 09:42:40');
INSERT INTO `kpi_data` VALUES (428, 55, 90, 120, 'ไทย', '2025-03-01', NULL, NULL, 'นายวสันต์ ปราการทอง', '2025-11-20 09:39:23', '', '2025-11-20 09:39:23');
INSERT INTO `kpi_data` VALUES (429, 55, 80, 140, 'ไทย', '2025-04-01', NULL, NULL, 'นายวสันต์ ปราการทอง', '2025-11-20 09:39:40', '', '2025-11-20 09:39:40');
INSERT INTO `kpi_data` VALUES (430, 55, 100, 130, 'ไทย', '2025-05-01', NULL, NULL, 'นายวสันต์ ปราการทอง', '2025-11-20 09:40:01', '', '2025-11-20 09:40:01');
INSERT INTO `kpi_data` VALUES (431, 52, 1, 2, 'ไทย', '2025-01-01', NULL, NULL, 'นายวสันต์ ปราการทอง', '2025-11-20 14:24:26', '', '2025-11-20 14:24:26');
INSERT INTO `kpi_data` VALUES (432, 59, 2, 3, 'ไทย', '2025-02-01', '1', '2', 'นายวสันต์ ปราการทอง', '2025-11-20 14:24:39', '', '2025-11-20 14:24:39');

-- ----------------------------
-- Table structure for kpi_data_quality
-- ----------------------------
DROP TABLE IF EXISTS `kpi_data_quality`;
CREATE TABLE `kpi_data_quality`  (
  `id` int NOT NULL AUTO_INCREMENT,
  `kpi_id` int NOT NULL,
  `issue_details` longtext CHARACTER SET utf8mb4 COLLATE utf8mb4_general_ci NULL,
  `support_details` longtext CHARACTER SET utf8mb4 COLLATE utf8mb4_general_ci NULL,
  `report_date` date NOT NULL,
  `type` varchar(255) CHARACTER SET utf8mb4 COLLATE utf8mb4_general_ci NOT NULL,
  PRIMARY KEY (`id`) USING BTREE
) ENGINE = InnoDB AUTO_INCREMENT = 5 CHARACTER SET = utf8mb4 COLLATE = utf8mb4_general_ci ROW_FORMAT = Dynamic;

-- ----------------------------
-- Records of kpi_data_quality
-- ----------------------------
INSERT INTO `kpi_data_quality` VALUES (1, 2, '- ปัญหา 1', 'สิ่งที่ต้องการสนับสนุนให้บรรลุเป้าหมาย', '2025-06-01', 'ไทย');
INSERT INTO `kpi_data_quality` VALUES (2, 4, NULL, '- ข้อเสนอแนะ 1\n- ข้อเสนอแนะ 2\n- ข้อเสนอแนะ 3', '2025-08-01', 'ต่างชาติ');
INSERT INTO `kpi_data_quality` VALUES (3, 4, NULL, '- ข้อเสนอแนะ 4', '2025-09-01', 'ต่างชาติ');
INSERT INTO `kpi_data_quality` VALUES (4, 4, 'เด่กมีปัญหาหาหาหา', NULL, '2025-04-01', 'ไทย');

-- ----------------------------
-- Table structure for kpi_med_error
-- ----------------------------
DROP TABLE IF EXISTS `kpi_med_error`;
CREATE TABLE `kpi_med_error`  (
  `id` int NOT NULL AUTO_INCREMENT,
  `kpi_id` int NOT NULL,
  `opd_id` int NOT NULL,
  `A` int NOT NULL,
  `B` int NOT NULL,
  `C` int NOT NULL,
  `D` int NOT NULL,
  `E` int NOT NULL,
  `F` int NOT NULL,
  `G` int NOT NULL,
  `H` int NOT NULL,
  `I` int NOT NULL,
  `total` int GENERATED ALWAYS AS (`A` + `B` + `C` + `D` + `E` + `F` + `G` + `H` + `I`) STORED NULL,
  `report_date` date NOT NULL,
  `created_by` varchar(255) CHARACTER SET utf8mb4 COLLATE utf8mb4_general_ci NOT NULL,
  `created_at` timestamp NOT NULL DEFAULT current_timestamp,
  `updated_by` varchar(255) CHARACTER SET utf8mb4 COLLATE utf8mb4_general_ci NOT NULL,
  `updated_at` timestamp NOT NULL DEFAULT current_timestamp,
  PRIMARY KEY (`id`) USING BTREE
) ENGINE = InnoDB AUTO_INCREMENT = 26 CHARACTER SET = utf8mb4 COLLATE = utf8mb4_general_ci ROW_FORMAT = Dynamic;

-- ----------------------------
-- Records of kpi_med_error
-- ----------------------------
INSERT INTO `kpi_med_error` VALUES (3, 1, 1, 1, 2, 3, 4, 0, 6, 7, 8, 10, DEFAULT, '2024-12-11', '', '2025-11-13 11:35:25', 'นายวสันต์ ปราการทอง', '2025-11-17 10:32:53');
INSERT INTO `kpi_med_error` VALUES (4, 4, 3, 1, 8, 1, 6, 0, 4, 3, 2, 1, DEFAULT, '2024-12-11', '', '2025-11-13 11:35:25', 'นายวสันต์ ปราการทอง', '2025-11-17 13:46:54');
INSERT INTO `kpi_med_error` VALUES (8, 1, 2, 0, 0, 0, 0, 1, 0, 1, 2, 0, DEFAULT, '2025-05-31', '', '2025-11-14 09:33:10', '', '2025-11-14 09:33:10');
INSERT INTO `kpi_med_error` VALUES (9, 1, 3, 0, 0, 0, 0, 1, 0, 0, 1, 1, DEFAULT, '2025-05-31', '', '2025-11-14 09:33:10', '', '2025-11-14 09:33:10');
INSERT INTO `kpi_med_error` VALUES (10, 1, 6, 0, 0, 0, 0, 0, 1, 0, 0, 0, DEFAULT, '2025-05-31', '', '2025-11-14 09:33:10', '', '2025-11-14 09:33:10');
INSERT INTO `kpi_med_error` VALUES (11, 1, 5, 0, 0, 0, 0, 0, 0, 0, 1, 0, DEFAULT, '2025-05-31', '', '2025-11-14 09:33:10', '', '2025-11-14 09:33:10');
INSERT INTO `kpi_med_error` VALUES (12, 1, 5, 0, 2, 3, 4, 5, 6, 7, 8, 9, DEFAULT, '2025-12-01', '', '2025-11-14 11:31:42', '', '2025-11-14 11:31:42');
INSERT INTO `kpi_med_error` VALUES (13, 2, 3, 0, 0, 0, 0, 0, 0, 0, 0, 0, DEFAULT, '2025-05-01', '', '2025-11-14 15:24:59', '', '2025-11-14 15:24:59');
INSERT INTO `kpi_med_error` VALUES (14, 2, 6, 0, 0, 0, 0, 0, 0, 0, 0, 0, DEFAULT, '2025-05-01', '', '2025-11-14 15:24:59', '', '2025-11-14 15:24:59');
INSERT INTO `kpi_med_error` VALUES (15, 1, 9, 0, 2, 3, 4, 5, 6, 7, 8, 9, DEFAULT, '2025-11-01', 'นายวสันต์ ปราการทอง', '2025-11-17 15:13:21', '', '2025-11-17 15:13:21');
INSERT INTO `kpi_med_error` VALUES (16, 1, 8, 0, 0, 1, 0, 1, 0, 1, 0, 2, DEFAULT, '2025-11-01', 'นายวสันต์ ปราการทอง', '2025-11-17 15:13:21', 'นายวสันต์ ปราการทอง', '2025-11-17 15:49:58');
INSERT INTO `kpi_med_error` VALUES (17, 2, 6, 0, 8, 7, 6, 5, 4, 3, 0, 1, DEFAULT, '2025-11-01', 'นายวสันต์ ปราการทอง', '2025-11-17 15:34:31', '', '2025-11-17 15:34:31');
INSERT INTO `kpi_med_error` VALUES (18, 2, 7, 15, 0, 2, 0, 3, 0, 4, 0, 5, DEFAULT, '2025-11-01', 'นายวสันต์ ปราการทอง', '2025-11-17 15:34:31', '', '2025-11-17 15:34:31');
INSERT INTO `kpi_med_error` VALUES (19, 5, 6, 1, 3, 5, 7, 9, 11, 13, 15, 17, DEFAULT, '2025-03-01', 'นายวสันต์ ปราการทอง', '2025-11-21 16:20:37', '', '2025-11-21 16:20:37');
INSERT INTO `kpi_med_error` VALUES (20, 5, 4, 2, 4, 6, 8, 10, 12, 14, 16, 18, DEFAULT, '2025-03-01', 'นายวสันต์ ปราการทอง', '2025-11-21 16:20:37', '', '2025-11-21 16:20:37');
INSERT INTO `kpi_med_error` VALUES (21, 19, 2, 9, 9, 9, 9, 9, 9, 9, 9, 9, DEFAULT, '2025-01-01', 'นายวสันต์ ปราการทอง', '2025-11-22 14:42:26', '', '2025-11-22 14:42:26');
INSERT INTO `kpi_med_error` VALUES (22, 20, 2, 1, 1, 1, 0, 1, 0, 1, 1, 0, DEFAULT, '2025-01-01', 'นายวสันต์ ปราการทอง', '2025-11-22 14:42:42', '', '2025-11-22 14:42:42');
INSERT INTO `kpi_med_error` VALUES (23, 22, 2, 2, 2, 2, 2, 2, 20, 2, 2, 2, DEFAULT, '2025-01-01', 'นายวสันต์ ปราการทอง', '2025-11-22 14:43:03', '', '2025-11-22 14:43:03');
INSERT INTO `kpi_med_error` VALUES (25, 2, 10, 1, 0, 1, 0, 1, 0, 1, 0, 1, DEFAULT, '2025-12-01', 'นายวสันต์ ปราการทอง', '2025-11-26 14:32:37', '', '2025-11-26 14:32:37');

-- ----------------------------
-- Table structure for kpi_name
-- ----------------------------
DROP TABLE IF EXISTS `kpi_name`;
CREATE TABLE `kpi_name`  (
  `id` int NOT NULL AUTO_INCREMENT,
  `kpi_name` varchar(255) CHARACTER SET utf8mb4 COLLATE utf8mb4_general_ci NOT NULL,
  `a_name` varchar(255) CHARACTER SET utf8mb4 COLLATE utf8mb4_general_ci NOT NULL,
  `b_name` varchar(255) CHARACTER SET utf8mb4 COLLATE utf8mb4_general_ci NOT NULL,
  `unit_type` enum('percent','ratio') CHARACTER SET utf8mb4 COLLATE utf8mb4_general_ci NOT NULL,
  `unit_value` int NOT NULL,
  `unit_label` varchar(255) CHARACTER SET utf8mb4 COLLATE utf8mb4_general_ci NOT NULL,
  `target_direction` enum('less_than','more_than') CHARACTER SET utf8mb4 COLLATE utf8mb4_general_ci NOT NULL,
  `max_value` decimal(9, 2) NOT NULL,
  `created_by` varchar(255) CHARACTER SET utf8mb4 COLLATE utf8mb4_general_ci NOT NULL,
  `created_at` timestamp NOT NULL DEFAULT current_timestamp,
  `updated_by` varchar(255) CHARACTER SET utf8mb4 COLLATE utf8mb4_general_ci NOT NULL,
  `updated_at` timestamp NOT NULL DEFAULT current_timestamp,
  `deleted_at` timestamp NULL DEFAULT NULL,
  PRIMARY KEY (`id`) USING BTREE
) ENGINE = InnoDB AUTO_INCREMENT = 60 CHARACTER SET = utf8mb4 COLLATE = utf8mb4_general_ci ROW_FORMAT = Dynamic;

-- ----------------------------
-- Records of kpi_name
-- ----------------------------
INSERT INTO `kpi_name` VALUES (1, 'ร้อยละการเสียชีวิตของผู้ป่วยภาวะหัวใจขาดเลือดเฉียบพลันชนิด ST segment ยกขึ้น (STEMI)', 'จำนวนครั้งของการจำหน่ายด้วยการเสียชีวิตของผู้ป่วยภาวะหัวใจขาดเลือดเฉียบพลันชนิด ST segment ยกขึ้น (STEMI) จากทุกหอผู้ป่วยในเดือนนั้น', 'จำนวนครั้งของการจำหน่ายทุกสถานะของผู้ป่วยภาวะหัวใจขาดเลือดเฉียบพลันชนิด ST segment ยกขึ้น (STEMI) จากทุกหอผู้ป่วยในช่วงเดือนเดียวกันนั้น', 'percent', 100, 'ราย', 'less_than', 9.00, '', '2025-10-10 09:40:39', 'นายวสันต์ ปราการทอง', '2025-11-13 18:38:30', NULL);
INSERT INTO `kpi_name` VALUES (2, 'ร้อยละการเสียชีวิตของผู้ป่วย Stroke', 'จำนวนครั้งของการจำหน่ายด้วยการเสียชีวิตของผู้ป่วย Stroke จากทุกหอผู้ป่วยในเดือนนั้น', 'จำนวนครั้งของการจำหน่ายทุกสถานะ ของผู้ป่วย Stroke จากทุกหอผู้ป่วยในช่วงเดือนเดียวกัน', 'percent', 100, 'ราย', 'less_than', 7.00, '', '2025-10-10 09:40:39', 'วรวลัญช์ วงษา', '2025-11-07 08:54:53', NULL);
INSERT INTO `kpi_name` VALUES (3, 'ร้อยละการเสียชีวิตของผู้ป่วยในจากภาวะติดเชื้อในกระแสโลหิต', 'จำนวนผู้ป่วยติดเชื้อในกระแสโลหิตทั้งหมดที่รับไว้ในโรงพยาบาลที่เสียชีวิต', 'จำนวนผู้ป่วยติดเชื้อในกระแสโลหิตทั้งหมดที่รับไว้ในโรงพยาบาล', 'percent', 100, 'ราย', 'less_than', 30.00, '', '2025-10-10 09:40:39', 'วรวลัญช์ วงษา', '2025-11-07 08:55:39', NULL);
INSERT INTO `kpi_name` VALUES (4, 'ร้อยละของผู้ป่วยบาดเจ็บที่ศีรษะที่เสียชีวิตภายใน 48 ชั่วโมงภายหลังการบาดเจ็บ (เฉพาะผู้ป่วยบาดเจ็บต่อสมอง)', 'จำนวนครั้งของผู้ป่วยบาดเจ็บที่ศีรษะ ที่จำหน่ายด้วยการเสียชีวิต ภายใน 48 ชั่วโมงในช่วงเดือนนั้น', 'จำนวนครั้งของผู้ป่วยบาดเจ็บที่ศีรษะ ที่จำหน่ายทุกสถานะ ในช่วงเดือนเดียวกัน', 'percent', 100, 'ราย', 'less_than', 20.00, '', '2025-10-10 09:40:39', 'วรวลัญช์ วงษา', '2025-11-07 09:03:55', NULL);
INSERT INTO `kpi_name` VALUES (5, 'สัดส่วนการตายของมารดาจากการตั้งครรภ์ และ/หรือ การคลอด (ต่อแสนทารกเกิดมีชีพ)', 'จำนวนมารดาตายระหว่างการตั้งครรภ์ การคลอด หลังคลอดไม่เกิน 6 สัปดาห์ในช่วงเดือนนั้น', 'จำนวนการเกิดมีชีพทั้งหมด (ในเดือนเดียวกัน)', 'ratio', 100000, 'ทารกเกิดมีชีพ', 'less_than', 17.00, '', '2025-10-10 09:40:39', 'นายวสันต์ ปราการทอง', '2025-11-13 15:45:12', NULL);
INSERT INTO `kpi_name` VALUES (6, 'อัตราการตายของทารกแรกเกิด (ต่อพันทารกเกิดมีชีพ)', 'จำนวนทารกแรกเกิด (neonate) ที่เสียชีวิตภายใน 28 วันหลังคลอดในช่วงเวลา 1 เดือน', 'จำนวนทารกแรกเกิดมีชีพทั้งหมด ในเดือนเดียวกัน', 'ratio', 1000, 'ทารกเกิดมีชีพ', 'less_than', 3.60, '', '2025-10-10 09:40:39', 'นายวสันต์ ปราการทอง', '2025-11-19 13:18:12', NULL);
INSERT INTO `kpi_name` VALUES (28, 'jj1', 'jj2', 'jj3', 'percent', 100, 'ราย', 'less_than', 0.00, '', '2025-10-10 09:40:39', 'นายวสันต์ ปราการทอง', '2025-10-23 15:36:12', '2025-11-07 09:09:10');
INSERT INTO `kpi_name` VALUES (45, 'สำหรับทดสอบ Lazy load1(ห้ามลบ)', 'สำหรับทดสอบ Lazy load2', 'สำหรับทดสอบ Lazy load3', 'percent', 100, 'ราย', 'less_than', 0.00, 'นายวสันต์ ปราการทอง', '2025-10-24 13:13:39', '', '2025-10-24 13:13:39', NULL);
INSERT INTO `kpi_name` VALUES (49, 'ร้อยละการเสียชีวิตของผู้ป่วยภาวะหัวใจขาดเลือดเฉียบพลันชนิด ST segment ไม่ยกขึ้น (NSTE-ACS)', 'จำนวนครั้งของการจำหน่ายด้วยการเสียชีวิตของผู้ป่วยภาวะหัวใจขาดเลือดเฉียบพลันชนิด ST segment ไม่ยกขึ้น (NSTE-ACS) จากทุกหอผู้ป่วยในเดือนนั้น', 'จำนวนครั้งของการจำหน่ายด้วยการเสียชีวิตของผู้ป่วยภาวะหัวใจขาดเลือดเฉียบพลันชนิด ST segment ไม่ยกขึ้น (NSTE-ACS) จากทุกหอผู้ป่วยในเดือนนั้น', 'percent', 100, 'ราย', 'less_than', 0.00, 'วรวลัญช์ วงษา', '2025-11-07 09:17:53', '', '2025-11-07 09:17:53', NULL);
INSERT INTO `kpi_name` VALUES (50, 'ร้อยละการเสียชีวิตจากไส้ติ่งอักเสบ', 'จำนวนครั้งของผู้ป่วยไส้ติ่งอักเสบเฉียบพลัน ที่จำหน่ายด้วยการเสียชีวิต ในเดือนนั้น', 'จำนวนครั้ั้งของผู้ป่วยไส้ติ่งอักเสบเฉียบพลัน ที่จำหน่ายทุกสถานะ (ในเดือนเดียวกัน)', 'percent', 100, 'ราย', 'less_than', 0.00, 'วรวลัญช์ วงษา', '2025-11-07 09:26:47', '', '2025-11-07 09:26:47', NULL);
INSERT INTO `kpi_name` VALUES (51, 'ร้อยละการตกเลือดหลังคลอดเฉียบพลันกรณีคลอดทางช่องคลอด', 'จำนวนหญิงตั้งครรภ์คลอดอายุครรภ์ 28 สัปดาห์ขึ้นไปที่มีภาวะตกเลือดหลังคลอดเฉียบพลัน ที่รับไว้ในโรงพยาบาลใน 1 เดือน', 'จำนวนหญิงตั้งครรภ์ทั้งหมดที่มาคลอดทางช่องคลอดในโรงพยาบาล (ในเดือนเดียวกัน)', 'percent', 100, 'ราย', 'less_than', 3.00, 'วรวลัญช์ วงษา', '2025-11-07 09:28:30', '', '2025-11-07 09:28:30', NULL);
INSERT INTO `kpi_name` VALUES (52, 'ทดสอบ', 'ชื่อตัวตั้ง', 'ชื่อตัวหาร', 'percent', 100, 'ราย', 'less_than', 25.00, 'นายวสันต์ ปราการทอง', '2025-11-11 13:36:06', 'นายวสันต์ ปราการทอง', '2025-11-11 13:43:42', NULL);
INSERT INTO `kpi_name` VALUES (53, 'ตัวชี้วัดใหม่1', 'ชื่อตัวตั้ง1', 'ชื่อตัวหาร1', 'ratio', 1000, 'มารดาทุกสถานะ', 'less_than', 2000.00, 'นายวสันต์ ปราการทอง', '2025-11-11 13:37:00', 'นายวสันต์ ปราการทอง', '2025-11-11 13:42:55', NULL);
INSERT INTO `kpi_name` VALUES (54, 'ทดสอบ1', 'เจอบั๊ค', 'ทุกเคส', 'ratio', 100000, 'เคส', 'less_than', 15.00, 'นายวสันต์ ปราการทอง', '2025-11-13 18:39:34', '', '2025-11-13 18:39:34', NULL);
INSERT INTO `kpi_name` VALUES (55, 'Retention rate', 'จำนวนผู้ป่วยที่เข้ารับการบำบัดและได้รับการติดตามดูแลอย่างต่อเนื่อง 4 ครั้งขึ้นไป ภายใน 1 ปี หลังจำหน่าย', 'จำนวนผู้ป่วยที่ได้รับการบำบัดและจำหน่ายทั้งหมด (ยกเว้นผู้ที่ถูกจับ, เสียชีวิต, หรือผู้ป่วย MMT)', 'percent', 100, 'ราย', 'more_than', 70.00, 'นายวสันต์ ปราการทอง', '2025-11-20 09:04:23', 'นายวสันต์ ปราการทอง', '2025-11-20 09:14:42', NULL);
INSERT INTO `kpi_name` VALUES (56, 'จำนวนผู้ป่วยเข้าสู่ Homeward ยาเสพติด', 'จำนวนผู้ป่วยที่เข้าสู่ Homeward ยาเสพติด', '-', 'ratio', 10, 'ราย', 'more_than', 10.00, 'นายวสันต์ ปราการทอง', '2025-11-20 09:15:58', '', '2025-11-20 09:15:58', NULL);
INSERT INTO `kpi_name` VALUES (57, 'NCD clinic plus ผ่านเกณฑ์ระดับเขตสุขภาพ', '-', '-', 'ratio', 1, 'คะแนน', 'more_than', 75.00, 'นายวสันต์ ปราการทอง', '2025-11-20 09:21:18', 'นายวสันต์ ปราการทอง', '2025-11-20 14:14:28', NULL);
INSERT INTO `kpi_name` VALUES (58, 'ร้อยละการลงทะเบียนหมอพร้อม Health ID ในประชาชน', 'ประชาชนที่มีสิทธิ์ (type 1,3) ในเขตพื้นที่รับผิดชอบ ที่ได้ลงทะเบียนยืนยัน Health ID', 'ประชาชนที่มีสิทธิ์ (type 1,3) ทั้งหดมในเขตพื้นที่รับผิดชอบ', 'percent', 100, 'ประชาชนที่มีสิทธิ์', 'more_than', 50.00, 'นายวสันต์ ปราการทอง', '2025-11-20 09:25:19', 'นายวสันต์ ปราการทอง', '2025-11-20 14:13:57', NULL);
INSERT INTO `kpi_name` VALUES (59, 'จำนวน รพ.สต. ที่ให้บริการ telemedicine', 'จำนวน รพ.สต. ที่ให้บริการ telemedicine', '-', 'ratio', 1, 'แห่ง', 'more_than', 22.00, 'นายวสันต์ ปราการทอง', '2025-11-20 09:26:23', 'นายวสันต์ ปราการทอง', '2025-11-20 11:24:00', NULL);

-- ----------------------------
-- Table structure for kpi_name_med
-- ----------------------------
DROP TABLE IF EXISTS `kpi_name_med`;
CREATE TABLE `kpi_name_med`  (
  `id` int NOT NULL AUTO_INCREMENT,
  `kpi_name` varchar(255) CHARACTER SET utf8mb4 COLLATE utf8mb4_general_ci NOT NULL,
  `parent_id` int NULL DEFAULT NULL,
  `created_by` varchar(255) CHARACTER SET utf8mb4 COLLATE utf8mb4_general_ci NOT NULL,
  `created_at` timestamp NOT NULL DEFAULT current_timestamp,
  `updated_by` varchar(255) CHARACTER SET utf8mb4 COLLATE utf8mb4_general_ci NOT NULL,
  `updated_at` timestamp NOT NULL DEFAULT current_timestamp,
  `deleted_at` timestamp NULL DEFAULT NULL,
  PRIMARY KEY (`id`) USING BTREE
) ENGINE = InnoDB AUTO_INCREMENT = 28 CHARACTER SET = utf8mb4 COLLATE = utf8mb4_general_ci ROW_FORMAT = Dynamic;

-- ----------------------------
-- Records of kpi_name_med
-- ----------------------------
INSERT INTO `kpi_name_med` VALUES (1, 'ผู้ป่วยทรุดลงในโรงพยาบาล', NULL, 'นายวสันต์ ปราการทอง', '2025-11-10 15:22:16', '2025-11-12 11:51:14', '2025-11-10 15:22:16', NULL);
INSERT INTO `kpi_name_med` VALUES (2, 'การระบุตัวผู้ป่วยผิดพลาด', NULL, 'นายวสันต์ ปราการทอง', '2025-11-10 15:22:42', '', '2025-11-10 15:22:42', NULL);
INSERT INTO `kpi_name_med` VALUES (3, 'ความคลาดเคลื่อนทางยา', NULL, 'นายวสันต์ ปราการทอง', '2025-11-10 15:42:02', '2025-11-12 13:25:07', '2025-11-10 15:42:02', NULL);
INSERT INTO `kpi_name_med` VALUES (4, 'Prescribing error (เกิดข้อผิดพลาด/อุบัติการณ์ในขั้นตอนการสั่งใช้ยา)', 3, 'นายวสันต์ ปราการทอง', '2025-11-10 15:42:02', '', '2025-11-10 15:42:02', NULL);
INSERT INTO `kpi_name_med` VALUES (5, 'Transcribing error (เกิดข้อผิดพลาด/อุบัติการณ์ในขั้นตอนการคัดลอกยา)', 3, 'นายวสันต์ ปราการทอง', '2025-11-10 15:42:02', '', '2025-11-10 15:42:02', NULL);
INSERT INTO `kpi_name_med` VALUES (6, 'หัวข้อหลักเท่านั้น', NULL, 'นายวสันต์ ปราการทอง', '2025-11-11 19:12:52', '', '2025-11-11 19:12:52', '2025-11-12 13:22:01');
INSERT INTO `kpi_name_med` VALUES (7, 'หัวข้อหลักที่มีหัวข้อย่อย', NULL, 'นายวสันต์ ปราการทอง', '2025-11-11 19:15:10', '', '2025-11-11 19:15:10', '2025-11-12 13:21:37');
INSERT INTO `kpi_name_med` VALUES (8, 'หัวข้อย่อย 2', 7, 'นายวสันต์ ปราการทอง', '2025-11-11 19:15:10', '', '2025-11-11 19:15:10', '2025-11-12 13:21:30');
INSERT INTO `kpi_name_med` VALUES (9, 'หัวข้อย่อย 3', 7, 'นายวสันต์ ปราการทอง', '2025-11-11 19:15:10', '', '2025-11-11 19:15:10', '2025-11-12 13:21:37');
INSERT INTO `kpi_name_med` VALUES (10, 'เพิ่มหัวข้อย่อยให้', 6, 'นายวสันต์ ปราการทอง', '2025-11-11 19:15:36', '', '2025-11-11 19:15:36', '2025-11-12 13:21:53');
INSERT INTO `kpi_name_med` VALUES (11, 'เพิ่มหัวข้อให้อีก 3', 7, 'นายวสันต์ ปราการทอง', '2025-11-11 19:15:59', '', '2025-11-11 19:15:59', '2025-11-12 13:21:37');
INSERT INTO `kpi_name_med` VALUES (15, 'หัวข้อย่อย 1', 1, 'นายวสันต์ ปราการทอง', '2025-11-12 11:38:27', '2025-11-12 11:50:30', '2025-11-12 11:38:27', '2025-11-12 13:22:12');
INSERT INTO `kpi_name_med` VALUES (16, 'หัวข้อย่อย 2', 1, 'นายวสันต์ ปราการทอง', '2025-11-12 11:50:59', '', '2025-11-12 11:50:59', '2025-11-12 13:22:11');
INSERT INTO `kpi_name_med` VALUES (17, 'หัวข้อย่อย 3', 1, 'นายวสันต์ ปราการทอง', '2025-11-12 11:50:59', '', '2025-11-12 11:50:59', '2025-11-12 13:22:07');
INSERT INTO `kpi_name_med` VALUES (18, 'หัวข้อย่อย 4', 1, 'นายวสันต์ ปราการทอง', '2025-11-12 11:51:14', '', '2025-11-12 11:51:14', '2025-11-12 13:21:23');
INSERT INTO `kpi_name_med` VALUES (19, 'Pre-dispensing(เกิดข้อผิดพลาด/อุบัติการณ์ในขั้นตอนการจัดเตรียมจ่ายยา)', 3, 'นายวสันต์ ปราการทอง', '2025-11-12 13:23:58', '', '2025-11-12 13:23:58', NULL);
INSERT INTO `kpi_name_med` VALUES (20, 'Dispensing error  (เกิดข้อผิดพลาด/อุบัติการณ์ในขั้นตอนการจ่ายยา)', 3, 'นายวสันต์ ปราการทอง', '2025-11-12 13:23:58', '', '2025-11-12 13:23:58', NULL);
INSERT INTO `kpi_name_med` VALUES (21, 'dsdsada', 1, 'นายวสันต์ ปราการทอง', '2025-11-12 13:24:13', '', '2025-11-12 13:24:13', '2025-11-12 13:24:17');
INSERT INTO `kpi_name_med` VALUES (22, 'Administration error (เกิดข้อผิดพลาด/อุบัติการณ์ในขั้นตอนการให้ยา)', 3, 'นายวสันต์ ปราการทอง', '2025-11-12 13:25:07', '', '2025-11-12 13:25:07', NULL);
INSERT INTO `kpi_name_med` VALUES (23, 'ทดสอบหัวข้อ', NULL, 'นายวสันต์ ปราการทอง', '2025-11-12 13:46:11', '', '2025-11-12 13:46:11', NULL);
INSERT INTO `kpi_name_med` VALUES (24, 'ทดสอบหัวข้อย่อย 1', 23, 'นายวสันต์ ปราการทอง', '2025-11-12 13:46:11', '', '2025-11-12 13:46:11', NULL);
INSERT INTO `kpi_name_med` VALUES (25, 'ทดสอบหัวข้อย่อย 2', 23, 'นายวสันต์ ปราการทอง', '2025-11-12 13:46:11', '', '2025-11-12 13:46:11', NULL);
INSERT INTO `kpi_name_med` VALUES (26, 'หัวข้อใหญ่ 1', NULL, 'นายวสันต์ ปราการทอง', '2025-11-12 13:46:21', '', '2025-11-12 13:46:21', NULL);
INSERT INTO `kpi_name_med` VALUES (27, 'การระบุตัวผู้ป่วย', NULL, 'นายวสันต์ ปราการทอง', '2025-11-14 09:54:08', '', '2025-11-14 09:54:08', '2025-11-14 09:55:34');

-- ----------------------------
-- Table structure for mission_name
-- ----------------------------
DROP TABLE IF EXISTS `mission_name`;
CREATE TABLE `mission_name`  (
  `id` int NOT NULL AUTO_INCREMENT,
  `mission_name` varchar(255) CHARACTER SET utf8mb4 COLLATE utf8mb4_general_ci NOT NULL,
  `created_by` varchar(255) CHARACTER SET utf8mb4 COLLATE utf8mb4_general_ci NOT NULL,
  `created_at` timestamp NOT NULL DEFAULT current_timestamp,
  `updated_by` varchar(255) CHARACTER SET utf8mb4 COLLATE utf8mb4_general_ci NOT NULL,
  `updated_at` timestamp NOT NULL DEFAULT current_timestamp,
  `deleted_at` timestamp NULL DEFAULT NULL,
  PRIMARY KEY (`id`) USING BTREE
) ENGINE = InnoDB AUTO_INCREMENT = 12 CHARACTER SET = utf8mb4 COLLATE = utf8mb4_general_ci ROW_FORMAT = Dynamic;

-- ----------------------------
-- Records of mission_name
-- ----------------------------
INSERT INTO `mission_name` VALUES (1, 'กลุ่มภารกิจด้านการพยาบาล', 'นายวสันต์ ปราการทอง', '2025-11-23 10:19:55', 'นายวสันต์ ปราการทอง', '2025-11-23 18:15:38', NULL);
INSERT INTO `mission_name` VALUES (2, 'กลุ่มภารกิจด้านบริการทุติยภูมิและตติยภูมิ', 'นายวสันต์ ปราการทอง', '2025-11-23 11:56:12', 'นายวสันต์ ปราการทอง', '2025-11-23 18:16:13', NULL);
INSERT INTO `mission_name` VALUES (3, 'กลุ่มภารกิจด้านบริการปฐมภูมิ', 'นายวสันต์ ปราการทอง', '2025-11-23 11:56:17', 'นายวสันต์ ปราการทอง', '2025-11-23 18:16:20', NULL);
INSERT INTO `mission_name` VALUES (4, 'กลุ่มภารกิจด้านพัฒนาระบบบริการสุขภาพ', 'นายวสันต์ ปราการทอง', '2025-11-23 18:16:29', '', '2025-11-23 18:16:29', NULL);
INSERT INTO `mission_name` VALUES (5, 'กลุ่มภารกิจสุขภาพดิจิทัล', 'นายวสันต์ ปราการทอง', '2025-11-23 18:16:40', '', '2025-11-23 18:16:40', NULL);
INSERT INTO `mission_name` VALUES (6, 'กลุ่มภารกิจด้านอำนวยการ', 'นายวสันต์ ปราการทอง', '2025-11-23 18:16:48', '', '2025-11-23 18:16:48', NULL);
INSERT INTO `mission_name` VALUES (7, 'กลุ่มภารกิจใหม่1', 'นายวสันต์ ปราการทอง', '2025-11-26 19:33:53', '', '2025-11-26 19:33:53', NULL);
INSERT INTO `mission_name` VALUES (8, 'กลุ่มภารกิจใหม่2', '', '2025-11-26 19:51:00', '', '2025-11-26 19:51:00', NULL);
INSERT INTO `mission_name` VALUES (10, 'กลุ่มภารกิจใหม่3', '', '2025-11-26 20:17:03', '', '2025-11-26 20:17:03', NULL);
INSERT INTO `mission_name` VALUES (11, 'ภารกิจใหม่4', '', '2025-11-26 20:22:30', '', '2025-11-26 20:22:30', NULL);

-- ----------------------------
-- Table structure for opd_name
-- ----------------------------
DROP TABLE IF EXISTS `opd_name`;
CREATE TABLE `opd_name`  (
  `id` int NOT NULL AUTO_INCREMENT,
  `work_id` int NOT NULL,
  `opd_name` varchar(255) CHARACTER SET utf8mb4 COLLATE utf8mb4_general_ci NOT NULL,
  `created_by` varchar(255) CHARACTER SET utf8mb4 COLLATE utf8mb4_general_ci NOT NULL,
  `created_at` timestamp NOT NULL DEFAULT current_timestamp,
  `updated_by` varchar(255) CHARACTER SET utf8mb4 COLLATE utf8mb4_general_ci NOT NULL,
  `updated_at` timestamp NOT NULL DEFAULT current_timestamp,
  `deleted_at` timestamp NULL DEFAULT NULL,
  PRIMARY KEY (`id`) USING BTREE
) ENGINE = InnoDB AUTO_INCREMENT = 17 CHARACTER SET = utf8mb4 COLLATE = utf8mb4_general_ci ROW_FORMAT = Dynamic;

-- ----------------------------
-- Records of opd_name
-- ----------------------------
INSERT INTO `opd_name` VALUES (1, 0, 'ชื่อตัวชี้วัด', 'นายวสันต์ ปราการทอง', '2025-11-12 20:16:06', '', '2025-11-12 20:16:06', '2025-11-12 20:29:29');
INSERT INTO `opd_name` VALUES (2, 3, 'อายุรกรรม', 'นายวสันต์ ปราการทอง', '2025-11-12 20:29:20', 'นายวสันต์ ปราการทอง', '2025-11-23 14:22:04', NULL);
INSERT INTO `opd_name` VALUES (3, 1, 'OPD ศัลยกรรม (Surg)', 'นายวสันต์ ปราการทอง', '2025-11-12 20:29:44', 'นายวสันต์ ปราการทอง', '2025-11-23 18:21:24', NULL);
INSERT INTO `opd_name` VALUES (4, 3, 'หอผู้ป่วยกุมารเวชกรรม', 'นายวสันต์ ปราการทอง', '2025-11-13 13:50:56', 'นายวสันต์ ปราการทอง', '2025-11-23 18:39:41', NULL);
INSERT INTO `opd_name` VALUES (5, 1, 'กุมารเวชกรรม', 'นายวสันต์ ปราการทอง', '2025-11-13 13:51:11', 'นายวสันต์ ปราการทอง', '2025-11-23 18:15:57', NULL);
INSERT INTO `opd_name` VALUES (6, 1, 'ศัลยกรรมกระดูก (Ortho)', 'นายวสันต์ ปราการทอง', '2025-11-13 13:51:19', 'นายวสันต์ ปราการทอง', '2025-11-23 18:21:51', NULL);
INSERT INTO `opd_name` VALUES (7, 13, 'ห้องยาผู้ป่วยนอก', 'นายวสันต์ ปราการทอง', '2025-11-13 13:51:39', 'นายวสันต์ ปราการทอง', '2025-11-23 18:39:03', NULL);
INSERT INTO `opd_name` VALUES (8, 13, 'ห้องยาผู้ป่วยใน', 'นายวสันต์ ปราการทอง', '2025-11-13 13:51:46', 'นายวสันต์ ปราการทอง', '2025-11-23 18:36:48', NULL);
INSERT INTO `opd_name` VALUES (9, 12, 'องค์กรแพทย์', 'นายวสันต์ ปราการทอง', '2025-11-13 13:51:53', 'นายวสันต์ ปราการทอง', '2025-11-23 18:35:08', NULL);
INSERT INTO `opd_name` VALUES (10, 1, 'สุขภาพดิจิม่อน', 'นายวสันต์ ปราการทอง', '2025-11-23 10:20:29', '', '2025-11-23 10:20:29', NULL);
INSERT INTO `opd_name` VALUES (11, 14, 'งานการพยาบาลชุมชน', '', '2025-11-26 19:44:35', '', '2025-11-26 19:44:35', NULL);
INSERT INTO `opd_name` VALUES (12, 14, 'งานการพยาบาลชุมชน', 'นายวสันต์ ปราการทอง', '2025-11-26 19:44:35', '', '2025-11-26 19:44:35', NULL);
INSERT INTO `opd_name` VALUES (15, 17, 'งานสุขศึกษา', '', '2025-11-26 20:17:03', '', '2025-11-26 20:17:03', NULL);
INSERT INTO `opd_name` VALUES (16, 4, 'หอผู้ป่วย ICU ผู้ใหญ่', '', '2025-11-26 20:22:30', '', '2025-11-26 20:22:30', NULL);

-- ----------------------------
-- Table structure for role
-- ----------------------------
DROP TABLE IF EXISTS `role`;
CREATE TABLE `role`  (
  `id` int NOT NULL AUTO_INCREMENT,
  `role_name` varchar(255) CHARACTER SET utf8mb4 COLLATE utf8mb4_general_ci NOT NULL,
  PRIMARY KEY (`id`) USING BTREE
) ENGINE = InnoDB AUTO_INCREMENT = 4 CHARACTER SET = utf8mb4 COLLATE = utf8mb4_general_ci ROW_FORMAT = Dynamic;

-- ----------------------------
-- Records of role
-- ----------------------------
INSERT INTO `role` VALUES (1, 'ผู้ดูแลระบบ');
INSERT INTO `role` VALUES (2, 'ศูนย์คุณภาพ');
INSERT INTO `role` VALUES (3, 'ผู้ใช้ทั่วไป');

-- ----------------------------
-- Table structure for user
-- ----------------------------
DROP TABLE IF EXISTS `user`;
CREATE TABLE `user`  (
  `id` int NOT NULL AUTO_INCREMENT,
  `username` varchar(255) CHARACTER SET utf8mb4 COLLATE utf8mb4_general_ci NOT NULL,
  `password` varchar(255) CHARACTER SET utf8mb4 COLLATE utf8mb4_general_ci NOT NULL,
  `name` varchar(255) CHARACTER SET utf8mb4 COLLATE utf8mb4_general_ci NOT NULL,
  `verify` tinyint(1) NOT NULL DEFAULT 0,
  `role` tinyint(1) NOT NULL,
  `created_at` timestamp NOT NULL DEFAULT current_timestamp,
  `updated_at` timestamp NOT NULL DEFAULT current_timestamp,
  PRIMARY KEY (`id`) USING BTREE
) ENGINE = InnoDB AUTO_INCREMENT = 12 CHARACTER SET = utf8mb4 COLLATE = utf8mb4_general_ci ROW_FORMAT = Dynamic;

-- ----------------------------
-- Records of user
-- ----------------------------
INSERT INTO `user` VALUES (1, 'wasant', '$2b$10$5.6DhLHBIkrHA1cKSP13leZeV6dHi71brdCpfSUV7CCne8bJL8hnm', 'นายวสันต์ ปราการทอง', 1, 1, '2025-08-26 14:08:55', '2025-11-04 10:28:09');
INSERT INTO `user` VALUES (2, 'potto', '$2b$10$7AKqs4cywuJMqXlTHjhvl.wd/e5/1lj/0VvR1AXBgDZDsPs5YVLfK', 'potto torres', 1, 3, '2025-10-31 10:41:49', '2025-11-05 09:46:18');
INSERT INTO `user` VALUES (3, 'kimhan', '$2b$10$OdpAHTkxBQsPp3L4Hc7U0OSqXCcoRjXIShI.8zwXssLlP6CU5TsSO', 'คิมหันต์ ปราการทอง', 1, 3, '2025-11-03 10:29:01', '2025-11-03 11:28:05');
INSERT INTO `user` VALUES (4, 'akiko', '$2b$10$QtNbqduC4PWWRWSN.d.P9u3tTCtxRn.8QH1fIePgWSqN0UjKsxGAi', 'Akiko Torres', 1, 2, '2025-11-03 13:30:50', '2025-11-03 16:28:11');
INSERT INTO `user` VALUES (5, 'ichikon', '$2b$10$6gvDu7WTXRs8C1OxY.1ad.c5f197bDC0oKVUi31qP3PE.GnSPGPv6', 'Ichikon Aisu', 1, 2, '2025-11-03 13:31:06', '2025-11-03 13:32:31');
INSERT INTO `user` VALUES (6, 'mmm', '$2b$10$f.iXKwMeeydrksoZjI/gSu1PK8IZof6fw8U8vqFMv/eZi9Jk.tRa6', 'm m', 1, 3, '2025-11-03 13:32:48', '2025-11-03 13:49:05');
INSERT INTO `user` VALUES (7, 'user07', '$2b$10$kETaZ6E1fCFnysS/fJrL3u0pMH3s832Hoeh1wqOCDN.8bMPQ0zbw.', 'user 07', 1, 3, '2025-11-03 13:43:34', '2025-11-03 14:54:03');
INSERT INTO `user` VALUES (8, 'hawrwl', '$2b$10$cW99XBIDlBVEVzS/83QmkunjEu7binf/kcHTJMS92aP3FjpHeT6VO', 'วรวลัญช์ วงษา', 1, 2, '2025-11-05 08:28:51', '2025-11-05 11:57:59');
INSERT INTO `user` VALUES (9, 'user09', '$2b$10$j0L62wTtEOoptuw3pxKva.HwvLVQ3/wJXezqojHtDAivKZ0YdAt7m', '', 0, 2, '2025-11-05 08:56:44', '2025-11-05 08:56:44');
INSERT INTO `user` VALUES (10, 'user10', '$2b$10$5joE6W15JRKSECHcu0PQHO62m1x8Liv/DZF4fF2.S29xgqsHEDrKm', 'supawan timchan', 1, 2, '2025-11-05 09:19:56', '2025-11-11 07:40:58');
INSERT INTO `user` VALUES (11, 'user11', '$2b$10$cBmyraHtQgp0X2M9ew5pM.4vW4CW3mpDPdLkLpv3/EJEaml5.9aG.', '', 0, 3, '2025-11-05 09:20:11', '2025-11-05 09:20:11');

-- ----------------------------
-- Table structure for work_name
-- ----------------------------
DROP TABLE IF EXISTS `work_name`;
CREATE TABLE `work_name`  (
  `id` int NOT NULL AUTO_INCREMENT,
  `mission_id` int NOT NULL,
  `work_name` varchar(255) CHARACTER SET utf8mb4 COLLATE utf8mb4_general_ci NOT NULL,
  `created_by` varchar(255) CHARACTER SET utf8mb4 COLLATE utf8mb4_general_ci NOT NULL,
  `created_at` timestamp NOT NULL DEFAULT current_timestamp,
  `updated_by` varchar(255) CHARACTER SET utf8mb4 COLLATE utf8mb4_general_ci NOT NULL,
  `updated_at` timestamp NOT NULL DEFAULT current_timestamp,
  `deleted_at` timestamp NULL DEFAULT NULL,
  PRIMARY KEY (`id`) USING BTREE
) ENGINE = InnoDB AUTO_INCREMENT = 18 CHARACTER SET = utf8mb4 COLLATE = utf8mb4_general_ci ROW_FORMAT = Dynamic;

-- ----------------------------
-- Records of work_name
-- ----------------------------
INSERT INTO `work_name` VALUES (1, 1, 'กลุ่มงานการพยาบาลผู้ป่วยนอก (OPD)', 'นายวสันต์ ปราการทอง', '2025-11-23 10:20:16', 'นายวสันต์ ปราการทอง', '2025-11-23 18:15:47', NULL);
INSERT INTO `work_name` VALUES (2, 1, 'กลุ่มงานการพยาบาล', 'นายวสันต์ ปราการทอง', '2025-11-23 12:05:24', 'นายวสันต์ ปราการทอง', '2025-11-23 18:17:18', NULL);
INSERT INTO `work_name` VALUES (3, 1, 'กลุ่มงานการพยาบาลผู้ป่วยใน (IPD)', 'นายวสันต์ ปราการทอง', '2025-11-23 12:05:49', 'นายวสันต์ ปราการทอง', '2025-11-23 18:17:36', NULL);
INSERT INTO `work_name` VALUES (4, 1, 'กลุ่มงานการพยาบาลหอผู้ป่วยหนัก ICU', 'นายวสันต์ ปราการทอง', '2025-11-23 18:17:48', '', '2025-11-23 18:17:48', NULL);
INSERT INTO `work_name` VALUES (5, 1, 'กลุ่มงานการพยาบาลห้องผ่าตัดและวิสัญญี', 'นายวสันต์ ปราการทอง', '2025-11-23 18:17:56', '', '2025-11-23 18:17:56', NULL);
INSERT INTO `work_name` VALUES (6, 1, 'กลุ่มงานการพยาบาลหอผู้ป่วยพิเศษ', 'นายวสันต์ ปราการทอง', '2025-11-23 18:18:06', '', '2025-11-23 18:18:06', NULL);
INSERT INTO `work_name` VALUES (7, 1, 'กลุ่มงานการพยาบาลหอผู้ป่วยพิเศษ', 'นายวสันต์ ปราการทอง', '2025-11-23 18:18:18', '', '2025-11-23 18:18:18', NULL);
INSERT INTO `work_name` VALUES (8, 1, 'กลุ่มงานการพยาบาลอุบัติเหตุและฉุกเฉิน', 'นายวสันต์ ปราการทอง', '2025-11-23 18:18:42', '', '2025-11-23 18:18:42', NULL);
INSERT INTO `work_name` VALUES (9, 1, 'กลุ่มงานพยาบาลห้องคลอด', 'นายวสันต์ ปราการทอง', '2025-11-23 18:18:51', '', '2025-11-23 18:18:51', NULL);
INSERT INTO `work_name` VALUES (10, 1, 'กลุ่มงานจ่ายกลาง', 'นายวสันต์ ปราการทอง', '2025-11-23 18:18:56', '', '2025-11-23 18:18:56', NULL);
INSERT INTO `work_name` VALUES (11, 1, 'กลุ่มงานวิจัยและพัฒนาการพยาบาล', 'นายวสันต์ ปราการทอง', '2025-11-23 18:19:02', '', '2025-11-23 18:19:02', NULL);
INSERT INTO `work_name` VALUES (12, 2, 'กลุ่มองค์กรแพทย์', 'นายวสันต์ ปราการทอง', '2025-11-23 18:34:43', 'นายวสันต์ ปราการทอง', '2025-11-23 18:35:17', NULL);
INSERT INTO `work_name` VALUES (13, 2, 'กลุ่มงานเภสัชกรรม', 'นายวสันต์ ปราการทอง', '2025-11-23 18:36:38', '', '2025-11-23 18:36:38', NULL);
INSERT INTO `work_name` VALUES (14, 7, 'กลุ่มงานการพยาบาลชุมชน', 'นายวสันต์ ปราการทอง', '2025-11-26 19:43:45', '', '2025-11-26 19:43:45', NULL);
INSERT INTO `work_name` VALUES (15, 8, 'ศูนย์เปล', 'นายวสันต์ ปราการทอง', '2025-11-26 19:51:00', '', '2025-11-26 19:51:00', NULL);
INSERT INTO `work_name` VALUES (17, 10, 'กลุ่มงานสุขศึกษา', '', '2025-11-26 20:17:03', '', '2025-11-26 20:17:03', NULL);

SET FOREIGN_KEY_CHECKS = 1;
